text_id,block_id,line_id,dialogue
100002_8,1,1,我是阳光角色……！
100002_8,1,2,芦谷祭
100002_8,1,3,呀——！！
100002_8,1,4,甘织同学，好可爱！
100002_8,1,5,哇哇哇哇哇，我就知道cosplay肯定很适合你，果然很适合！哇啊好开心！能看到可爱的甘织同学好开心！
100002_8,1,6,啊，啊哈哈哈。是吗？谢谢☆
100002_8,1,7,太糟糕了
100002_8,1,8,嗯？
100002_8,1,9,说实话，我不太擅长应付恐怖的东西，但能看到甘织同学的cos，我觉得来鬼屋真是太好了……
100002_8,1,10,我懂……文化祭太棒了……每天都文化祭就好了……
100002_8,1,11,啊哈哈，你太夸我了啦☆
100002_8,1,12,咦……咦，咦，等等。平野，长谷川……你们认识这位姐姐吗……？
100002_8,1,13,咦～！？西山，你不知道吗～！？
100002_8,1,14,甘织同学和我们一起组队参加了球技大赛哦！跟她搭话她也会回话！对吧，甘织同学！
100002_8,1,15,嗯、嗯☆
100002_8,1,16,真的假的……？咦，你们是上了高中才改头换面的吗……？为什么……？完全搞不懂……Why……？
100002_8,1,17,我叫甘织玲奈子。一直以来都受到平野同学和长谷川同学的照顾☆
100002_8,1,18,哈哇啊啊啊啊啊……！？
100002_8,1,19,毕竟甘织同学可是芦谷高中顶尖偶像团体Queentet的一员呢！
100002_8,1,20,她是那位王冢真唯同学的朋友，也是班上的风云人物！无论到哪里都会被当作公主对待，和学校里的所有人都成为了朋友，每天都会被告白，鞋柜里总是塞满了情书，就连老师也超疼爱她的！
100002_8,1,21,咦～？就算你这么夸我，我也只会露出笑容哦～☆
100002_8,1,22,————
100002_8,1,23,西、西山——！？
100002_8,1,24,啊啊啊啊啊都是因为她在这么近的距离下沐浴了甘织同学的笑容！
100002_8,1,25,怎么回事！？
100002_8,1,26,对不起，甘织同学！我们已经习惯了Queentet的光芒，所以还能承受得住！不，其实心跳数已经快到很不妙了！
100002_8,1,27,西山她因为平时没有生活在和可爱女生说话的环境，所以这是致命伤！不好意思，我们打完招呼就先告辞了！抱歉，西山！我们三笨蛋同盟要回去黑暗的世界了！
100002_8,1,28,怎么回事……
100002_8,1,29,小玲奈～
100002_8,1,30,噢噢……
100002_8,1,31,啊，紫阳花同学，你来得真快。
100002_8,1,32,嗯。大家都收下了传单。都是些好人，太好了。
100002_8,1,33,不过话说回来……
100002_8,1,34,？
100002_8,1,35,没什么……只是觉得紫阳花同学的修女打扮太适合你了，好可爱……
100002_8,1,36,如果觉得可爱，希望你能好好说出来
100002_8,1,37,咦——？
100002_8,1,38,就算突然被夸奖，我也只能回以笑容哦～
100002_8,1,39,呜哇，甘织同学一个人诶（笑）
100002_8,1,40,不是Queentet吗？（嘲笑）
100002_8,1,41,好寂寞w
100002_8,1,42,一个人逛文化祭也不怎么开心……可以陪我一起逛吗？
100002_8,1,43,我闲着没事，一起逛逛吧
100002_8,1,44,没能成为阳角，却只有地位成为了阳角，自尊心膨胀的可怜女人
100002_8,1,45,啊！姐姐学姐——！
100002_8,1,46,星来同学！
100002_8,1,47,我找你好久了！呃……你那是什么诡异的笑容？
100002_8,1,48,没什么！哎呀，居然能在这里遇见你，真是巧啊！
100002_8,1,49,姐姐……
100002_8,1,50,唔，妹妹……！
100002_8,1,51,姐姐，前几天承蒙你照顾了。
100002_8,1,52,啊，不会，没什么……
100002_8,1,53,难得来姐姐的高中玩……为什么你一个人？
100002_8,1,54,因为我想在不受任何人打扰的情况下，按照自己的步调悠闲地逛文化祭。妹妹应该不懂吧？这种水平的话题（笑）。
100002_8,1,55,啊，是吗？那请慢慢逛。
100002_8,1,56,话虽如此！你们三个都是第一次来芦谷高中吧！？机会难得，就由我来带你们参观吧！
100002_8,1,57,那种事无所谓啦～
100002_8,1,58,呐，美丽又漂亮的学姐～你应该有什么想为我做的事吧～？
100002_8,1,59,咦？嘿嘿嘿，讨厌啦，就算你这么夸我，我也只会露出笑容哦～？
100002_8,1,60,我不是要你变得舒服啦！笨蛋！废物！
100002_8,1,61,这孩子是来找真唯学姐的。
100002_8,1,62,我有说过，现在要姐姐介绍实在太过分了……
100002_8,1,63,才不是！
100002_8,1,64,可是可是，我们约好了吧～？快点介绍王冢学姐给我认识嘛♡
100002_8,1,65,可以的话我也想那么做。
100002_8,1,66,可是！？
100002_8,1,67,真唯今天请假。
100002_8,1,68,啥——！？
100002_8,1,69,希望明年可以一起逛呢～
100002_8,1,70,因为没兴趣所以没去
100002_8,1,71,这样啊……
100002_8,1,72,难得来一趟的说～……
100002_8,1,73,好了好了，星来。没办法，我们正常逛吧？毕竟高中文化祭这种活动，可不是想来几次就能来几次的
100002_8,1,74,唉～……那就这样吧……
100002_8,1,75,那姐姐，带我们去个有意思的地方吧
100002_8,1,76,那么，我推荐你们去鬼屋
100002_8,1,77,说起来，姐姐的护士服cosplay，很可爱呢
100002_8,1,78,啊，真的吗？谢谢夸奖！
100002_8,1,79,身材也很好，不愧是遥奈的姐姐
100002_8,1,80,啊，不用了不用了凑。不用给她喂食
100002_8,1,81,你！
100002_8,1,82,呜哇啊啊啊啊啊啊啊啊！
100002_8,1,83,怎，怎，怎，怎么回事啊！？
100002_8,1,84,啊哈哈哈哈！居然能吓成这样，真是不错的客人喵！
100002_8,1,85,哇——好厉害啊，高中的文化祭！
100002_8,1,86,嗯，相当刺激。居然是手工制作的，好厉害啊
100002_8,1,87,咦咦咦……？好逼真……
100002_8,1,88,要做到这种程度……？
100002_8,1,89,那当然，只有客人的惨叫和恸哭才能让我复活
100002_8,1,90,刚才还有一对情侣用看不起人的态度进来，结果被我弄哭了
100002_8,1,91,太残忍了！
100002_8,1,92,啊哈哈。开玩笑的啦
100002_8,1,93,虽然出来的人都是吓了一跳，但大家都很开心哦。鬼屋大成功呢
100002_8,1,94,嗯！
100002_8,1,95,星来小姐，凑小姐。这两位是……
100002_8,1,96,啊……是这样啊
100002_8,1,97,之前承蒙关照了。真的非常感谢
100002_8,1,98,不用谢
100002_8,1,99,能看到你们三人又像这样和好如初，真是太好了
100002_8,1,100,真的给你们添麻烦了。非常感谢
100002_8,1,101,没事没事
100002_8,1,102,太好了呢
100002_8,1,103,我回来了——
100002_8,1,104,要一起去吗？
100002_8,1,105,我要去！
100002_8,1,106,妈妈，这是什么？
100002_8,1,107,啊，那是遥奈买回来的
100002_8,1,108,遥奈……？
100002_8,1,109,啊，姐姐，欢迎回来
100002_8,1,110,我回来了。谢谢你今天来玩
100002_8,1,111,不不不。我才要感谢你邀请我来。而且我也见到了紫阳花学姐和香穗学姐
100002_8,1,112,所以，这个蛋糕是怎么回事？
100002_8,1,113,吃掉不就好了？
100002_8,1,114,咦？
100002_8,1,115,你不是喜欢这个吗？
100002_8,1,116,呃……
100002_8,1,117,这是要给我吃的？
100002_8,1,118,嗯，是啊
100002_8,1,119,为什么？？？
100002_8,1,120,没什么。只是碰巧而已
100002_8,1,121,平时去便利店买东西都要以一分为单位来分摊的妹妹，碰巧……？咦，怎么回事！？你是说去蛋糕店点单的时候，你完全没有意识到我喜欢巧克力蛋糕吗！？
100002_8,1,122,你好烦啊！不吃就算了！我要扔掉了！
100002_8,1,123,不不不我吃我吃！
100002_8,1,124,我要吃掉
100002_8,1,125,我要扔掉
100002_8,1,126,我只是想知道你的意图……
100002_8,1,127,就算这世上有很多事情搞不懂，人也是在搞不懂的情况下糊里糊涂地活着。姐姐你也不知道叉子为什么叫叉子吧。
100002_8,1,128,叉子的语源是拉丁语的『ｆｕｒｃａ（福卡）
100002_8,1,129,闭嘴吃你的蛋糕！你这宅宅！
100002_8,1,130,那个……很好吃。
100002_8,1,131,那就好。
100002_8,1,132,不过你到底有什么意图……我只能想到遥奈是因为前阵子那件事解决后想送我谢礼，但不坦率的你决定不直接送而是买蛋糕……
100002_8,1,133,你真的给我闭嘴吃蛋糕。小心我宰了你。
100002_8,1,134,宰了你
100002_8,1,135,现在立刻去买彩票
100002_8,1,136,超大凶
100002_8,1,137,Miss Fortune！
100002_8,1,138,好痛
100002_8,1,139,咦……不知不觉间，被划伤了吗……？
100002_8,1,140,哎呀……
100002_8,1,141,玲奈子的碗，碎了
100002_8,1,142,为、为什么……？
100002_8,1,143,谁知道呢？可能是里面裂开了吧。你看，漂亮地分成两半了
100002_8,1,144,得去买个新的才行了。
100002_8,1,145,运气不好
100002_8,1,146,！
100002_8,1,147,姐、姐姐！
100002_8,1,148,……？
100002_8,1,149,那个、那个那个！
100002_8,1,150,你看到这个了吗！？
100002_8,1,151,咦，什么！？我穿越时空了吗！？
100002_8,1,152,不是啦！这个！快看！报道！
100002_8,1,153,呃，嗯……
100002_8,1,154,王冢真唯，再次发表婚约——
100002_8,1,155,一直以来都温暖地支持着我的各位粉丝，以及关照我的各位相关人士，这次有重要的事情要向各位报告。突然报告这种私事，实在非常抱歉，但我与之前交往的女性订下了婚约。
100002_8,1,156,咦！？
100002_8,1,157,在设法解决之前，或许会让你们等上一阵子……但请相信我，你们两个。
100002_8,1,158,姐姐！你看，这里！快看！
100002_8,1,159,啊！
100002_8,1,160,对象是从小便与家人有来往的青梅竹马，日本人。
100002_8,1,161,我是真唯的青梅竹马！？
100002_8,1,162,…………对不起，我这是在鞭尸呢……
100002_8,1,163,咦！？
100002_8,1,164,——啥啊啊啊啊啊啊啊啊啊啊啊！？
100002_8,1,165,……唉……
100002_8,1,166,……琴，大小姐。
100002_8,1,167,花取小姐，能一直，待在我的身边吗？
100002_8,1,168,请不要带走她！
100002_8,1,169,真唯只是想和我们一起玩，她没有做坏事！因为，我妈妈说过，小孩子的工作就是玩！请不要对真唯做那么过分的事！
100002_8,1,170,真唯，你哪里都不用去！成为我们家的孩子就好了！我会一直陪着你的——！
100002_8,1,171,欢迎回来，真唯大小姐……
100002_8,1,172,嗯，我回来了，花取小姐
100002_8,1,173,……琴小姐
100002_8,1,174,上次在泳池见面后就没见过了呢，花取小姐。稍微打扰一下哦
100002_8,1,175,嗯，嗯。当然可以
100002_8,1,176,刚才我和妈妈谈过了。我想说这件事也告诉花取小姐比较好。
100002_8,1,177,随便你吧。
100002_8,1,178,怎么了？难道说琴大人又要来帮忙做模特的工作吗？
100002_8,1,179,……是啊，这样或许也不错。
100002_8,1,180,其实，我和纱月订婚了。
100002_8,1,181,就是这么回事
100002_8,1,182,哎呀，真开心呢
100002_8,1,183,你打算到处跟人说吗？
100002_8,1,184,公开宣布的时机就交给妈妈吧。不过，花取小姐是我的家人，所以告诉她也没什么不好的吧
100002_8,1,185,好啊。就随你喜欢吧
100002_8,1,186,这是怎么回事——！？
100002_8,1,187,喂！？这到底是怎么回事！？就算是我也搞不懂啊！愚人节还早得很吧！？
100002_8,1,188,呀！
100002_8,1,189,啊，咦？
100002_8,1,190,对、对不起！
100002_8,1,191,不、不会。小玲奈也被叫来了呢……
100002_8,1,192,也就是说，紫阳花同学也是……？
100002_8,1,193,嗯。纱月说，她想好好地说明一下。
100002_8,1,194,唔……
100002_8,1,195,……紫阳花同学，你怎么看这次的事情？
100002_8,1,196,我想应该是有什么内情吧……
100002_8,1,197,如果纱月同学真的喜欢真唯，还染指了横刀夺爱这种行为……！
100002_8,1,198,这个嘛……很难说呢。虽然我不清楚，但应该不会做这种事吧……
100002_8,1,199,可是她是琴纱月耶！？
100002_8,1,200,唔，嗯。是纱月对吧？
100002_8,2,201,个人构图理论
100002_8,2,202,超有趣！
100002_8,2,203,真的无聊死了
100002_8,2,204,是否喜欢
100002_8,2,205,那我就和真唯结婚
100002_8,2,206,紫阳花同学，我希望你能对自己的构图再有点自觉……
100002_8,2,207,咦，我吗！？是说，构图是什么……？
100002_8,2,208,在判断所有事情的时候，紫阳花同学的眼中都戴着『人都是善人
100002_8,2,209,才没那回事呢。
100002_8,2,210,那只是因为紫阳花同学是善人，但其他人可不见得都是善人啊！就算纱月同学对我说『其实我最喜欢抢别人的东西了。兴趣是横刀夺爱。我思考了能给你们最大的伤害的方法，最后就变成这样了
100002_8,2,211,真是粗糙的模拟呢。
100002_8,2,212,不！纱月同学的话肯定会说的！因为那个人总是会从死角用刀子刺向别人的要害！真是了不起的特技呢！要不要去当暗杀者啊！？
100002_8,2,213,嗨。
100002_8,2,214,你倒是说得挺过分的嘛。
100002_8,2,215,不，那个……
100002_8,2,216,可是纱月同学比起被人睡走，肯定更喜欢睡走别人吧！
100002_8,2,217,被人睡走……？睡走别人……？
100002_8,2,218,不行，紫阳花同学不能用那么猥亵的词汇！
100002_8,2,219,欸欸！？
100002_8,2,220,别管笨蛋了，我们开始谈正事吧。
100002_8,2,221,总之，对不起。又让你们操心了。
100002_8,2,222,呃……
100002_8,2,223,不会，小真唯。不过，发生了什么事？
100002_8,2,224,是啊。就让我从头开始说明吧。
100002_8,2,225,我之前一直在设法让妈妈撤回婚约的发表，但她一直不肯听我的话。
100002_8,2,226,虽然距离可以结婚的年龄还有两年，但妈妈做事总是准备周到。不难想象在我悠哉度日的期间，她肯定会一步步地排除障碍。我想要避免陷入被动。
100002_8,2,227,但是，有人在这个时候对我伸出了援手。
100002_8,2,228,她一直陪在我身边，是我非常重要的，温柔体贴的挚友。
100002_8,2,229,这也没什么大不了的。
100002_8,2,230,呵呵呵呵。
100002_8,2,231,就连挺身而出拯救他人的英雄行为，她也说『没什么大不了的
100002_8,2,232,我才不要……
100002_8,2,233,呃，也就是说……？
100002_8,2,234,纱月她啊，说要成为我的未婚妻候选人。如果是其他人肯定不行吧。正因为是从小就认识的纱月的提议，妈妈才会说『如果是你的话
100002_8,2,235,你们可别误会了，甘织、濑名。
100002_8,2,236,我先说清楚，我并没有打算和真唯结婚。
100002_8,2,237,我是为了赶走未婚夫，才演了这出戏。在真唯达到可以结婚的年龄之前，我会以未婚妻的立场待在她身边，然后等时候到了，我就会随便找个理由取消婚约。这样一来，你们就能光明正大地交往了吧。
100002_8,2,238,意思是要对妈妈说谎吗……？
100002_8,2,239,啊，对不起。我不是在责怪你们，那个……只是有点在意。
100002_8,2,240,没错。
100002_8,2,241,我要欺骗阿姨。
100002_8,2,242,什么嘛。先擅自做出『决定未婚夫
100002_8,2,243,你打算放弃吗？放弃自己的恋人。
100002_8,2,244,真唯已经做出选择了吧。不是选择那孩子，而是选择甘织与濑名。既然如此，现在才犹豫也没有意义。听好了，所谓的选择……
100002_8,2,245,……就是不选择除此之外的选项。
100002_8,2,246,就是这么回事。连甘织都懂了。
100002_8,2,247,不，没关系。谢谢你，纱月。你是在顾虑我，才故意用那种说法的吧。我也很清楚自己该做什么。
100002_8,2,248,……嗯，就是这样。在外面要好好扮演未婚妻的角色哦。千万别露出马脚。
100002_8,2,249,那个……为什么纱月同学愿意做到这种地步呢？
100002_8,2,250,……为什么是指？
100002_8,2,251,不，该怎么说呢……
100002_8,2,252,虽然我不太想从自己口中说出来。
100002_8,2,253,我之所以会不计得失帮助真唯，有那么令人意外吗？
100002_8,2,254,没、没那回事。
100002_8,2,255,既然如此，你就当作是为了濑名吧。
100002_8,2,256,咦……我？
100002_8,2,257,……嗯。真唯和甘织的事情我根本不在乎，但这样下去濑名会很伤心吧。毕竟我欠你不少人情。我只是在这里把欠的都还清了而已。
100002_8,2,258,纱月……
100002_8,2,259,而且，说穿了我也没做什么大不了的事。只是和真唯两个人去找阿姨谈了而已。今后可能会增加一些与王冢家有关的麻烦事，但那也没什么。
100002_8,2,260,话虽如此，事态变得有些复杂了呢。我也能理解甘织混乱的心情。
100002_8,2,261,嗯，是啊。
100002_8,2,262,所以，就用图来说明你目前所处的状况吧。
100002_8,2,263,用图！？
100002_8,2,264,这个……小PS是什么？
100002_8,2,265,你在说什么啊？难道你忘记至今为止小PS一直都在帮助我们了吗？它可是我心灵的支柱呢。
100002_8,2,266,是吗……虽然无所谓，但把可以替代的东西拟人化，会让你给人的印象变得非常糟糕哦。
100002_8,2,267,最喜欢……说得这么直接……
100002_8,2,268,就是这样。
100002_8,2,269,这样一来，阿姨的问题就解决了。你们什么都不用担心。虽然真唯的身边暂时还会很吵闹，但等这场风暴过去后，你们就和以前一样，三个人好好相处吧。
100002_8,2,270,恭喜你们三位。今后也要幸福哦。
100002_8,2,271,欸，纱月同学。
100002_8,2,272,……其实，你真的喜欢真唯……不是吗？
100002_8,2,273,笨蛋。
100002_8,2,274,真唯她，喜欢你啊。
100002_8,2,275,嗯、嗯。
100002_8,2,276,呐呐，果然是从以前就决定好的吗！？
100002_8,2,277,原来你们是那种关系啊！？
100002_8,2,278,美女之间的婚约，好浪漫～！
100002_8,2,279,会变成王冢纱月吗！？还是琴真唯！？啊啊，不管哪个都太棒了……！
100002_8,2,280,呀！
100002_8,2,281,哎呀～感觉事情变得很不得了呢……
100002_8,2,282,是啊……
100002_8,2,283,因为，那个纱月竟然会好好地回应粉丝，这明显很奇怪啊——。就像是在向周围的人强调自己是未婚妻一样。话说，玲奈亲和紫阳花妹妹无视她的时候，我就觉得不对劲了
100002_8,2,284,啊，你不用告诉我答案。既然你没告诉我，那说明是不方便告诉当事者以外的人的内容吧
100002_8,2,285,但是，玲奈亲看到小真真和小纱卿卿我我的，心情一定很复杂吧
100002_8,2,286,不，没有……
100002_8,2,287,咦——？
100002_8,2,288,哈喵～♡最喜欢最喜欢最喜欢最喜欢小真唯♡
100002_8,2,289,可是可是，是未婚妻哦？
100002_8,2,290,嗯。
100002_8,2,291,说不定会住在一起～晚上睡在同一张床上哦～？
100002_8,2,292,如果是纱月同学，我想她会说『很烦人，我一个人睡
100002_8,2,293,说不定会两个人一起洗澡，帮对方洗身体哦！
100002_8,2,294,如果是纱月同学，我想她会说『烦死了
100002_8,2,295,你把小纱当成什么了啊！？
100002_8,2,296,纱月同学就是纱月同学……我只能这样回答……
100002_8,2,297,小纱也是个憧憬恋爱的女高中生哦☆
100002_8,2,298,……不……
100002_8,2,299,不是什么意思？
100002_8,2,300,纱月同学…………就是纱月同学啊。
100002_8,2,301,你的思考是不是被锁住了？
100002_8,2,302,是这样吗！？
100002_8,2,303,但是纱月同学说过『我不会谈恋爱
100002_8,2,304,和我交往
100002_8,2,305,不想说
100002_8,2,306,……所以，或许真的没什么吧……
100002_8,2,307,切。完全没反应嘛。难得玲奈亲想让我吃醋的喵～
100002_8,2,308,为什么！？
100002_8,2,309,真无聊～
100002_8,2,310,真是的……
100002_8,2,311,总觉得啊——
100002_8,2,312,最近走在走廊上，会感受到不认识的人投来的安慰视线呢……
100002_8,2,313,是万恶派的败北吗！？
100002_8,2,314,明明就没有输……
100002_8,2,315,嘿。
100002_8,2,316,欸！？
100002_8,2,317,怎、怎么了！？
100002_8,2,318,没什么～
100002_8,2,319,不，可是，刚才！？
100002_8,2,320,嘿。
100002_8,2,321,真是的！又来了！
100002_8,2,322,怎、怎怎怎怎怎么了！？
100002_8,2,323,玲奈子……！
100002_8,2,324,小，小耀子……？
100002_8,2,325,为什么要吓我啊！？正常地叫我啊！我还以为心脏要从嘴里跳出来了！
100002_8,2,326,对，对不起！
100002_8,2,327,话说！我已经一个人无能为力了！
100002_8,2,328,什，什么……？
100002_8,2,329,你知道的吧！？
100002_8,2,330,难，难道
100002_8,2,331,就是我家那个任性的公主！
100002_8,2,332,那么，玲奈子。之后就交给你了
100002_8,2,333,…………咦！？
100002_8,2,334,我可不负责哦。再见！
100002_8,2,335,啊，等一下！？
100002_8,2,336,……玲奈子大人……？
100002_8,2,337,唔……
100002_8,2,338,玲奈子大人！
100002_8,2,339,哇！？
100002_8,2,340,呃，那个……
100002_8,2,341,玲奈子大人……
100002_8,2,342,露，小露西……
100002_8,2,343,请和露西一起……
100002_8,2,344,一，一起……！？
100002_8,2,345,我们去把克里诺兹炸了吧
100002_8,2,346,诶！？
100002_8,2,347,想要50兆圆！
100002_8,2,348,挚友
100002_8,2,349,这个！
100002_8,2,350,青春
100002_8,2,351,思念
100002_8,2,352,思念
100002_8,2,353,那么，玲奈子大人
100002_8,2,354,请用这个去买炸弹。钱不是问题！
100002_8,2,355,不，我觉得这里应该买不到……毕竟这里是日本……
100002_8,2,356,咦…………那么露西要怎么炸掉Queen Palace……？
100002_8,2,357,你还是放弃这个不可能实现的计划吧……
100002_8,2,358,Impossible n'est pas français
100002_8,2,359,『不可能这个词不法国
100002_8,2,360,我的字典里没有不可能这个词
100002_8,2,361,真唯！？
100002_8,2,362,嗨，玲奈子……还有露西啊。真是奇怪的组合呢。
100002_8,2,363,不，那个，这是！
100002_8,2,364,露西。
100002_8,2,365,Ça fait un bail ! Comment vas-tu!? Comment te sens-tu!? J'espère que tu vas bien!
100002_8,2,366,嗯……
100002_8,2,367,不、不是，这是，有很深的缘由……
100002_8,2,368,嗯，我想也是。
100002_8,2,369,你看，我和露西不是都玩游戏吗！？所以，我们是游戏伙伴！因为一些偶然的事情而认识的！我也是最近才知道露西是真唯的未婚妻的！
100002_8,2,370,嗯……『一些偶然的事情
100002_8,2,371,呃……我在车站附近的路边……发现露西迷路了，抱着膝盖回不了家……
100002_8,2,372,原来如此。露西的话确实有可能。
100002_8,2,373,居然相信了——！？
100002_8,2,374,回不了家
100002_8,2,375,欸、欸嘿嘿……就是这样，玲奈子大人是我的救命恩人。麦，你也要感谢玲奈子大人哦。
100002_8,2,376,谢谢你，玲奈子。
100002_8,2,377,咦？啊，嗯。
100002_8,2,378,露西是一位非常纯洁可爱又迷人的女性，但她不太擅长处理身边的事情呢。
100002_8,2,379,怎么会……居然说我可爱，好害羞。
100002_8,2,380,不过日本的生活似乎很合她的意，她每天都过得很开心。这样啊，是因为交到了朋友啊。
100002_8,2,381,是的！和真唯大人与皋月学习日语，真是太好了。
100002_8,2,382,是啊。你真的学得很好。其他还有什么不自由的地方吗？
100002_8,2,383,目前没有！
100002_8,2,384,嗯，那就好。
100002_8,2,385,——啊。
100002_8,2,386,不对！！不是这样的！！
100002_8,2,387,嗯？
100002_8,2,388,啊，说起来你刚才说我们是游戏朋友呢。其实我与纱月以前都受过玲奈子教导，现在稍微会玩FPS了。下次我们四个人一起玩吧。
100002_8,2,389,真的吗！？耶～！
100002_8,2,390,所以说！不对啦！你难道不知道露西为什么会在这里吗！？
100002_8,2,391,就算没什么事，你不是也会来Queen rose玩吗？
100002_8,2,392,今天是有事啦！
100002_8,2,393,因为！露西与玲奈子大人，是来炸掉Queen rose的！
100002_8,2,394,炸、炸掉……？
100002_8,2,395,没错！现在玲奈子大人正在买非常、非常～多的特大号炸弹！对吧对吧？
100002_8,2,396,等等！别把话题抛给我！
100002_8,2,397,呃……也就是说，到底是怎么回事？啊，是在说游戏吗？
100002_8,2,398,就当作是这样吧！
100002_8,2,399,完全不对！
100002_8,2,400,露西是认真的！露西很生气！擅自毁婚，还把露西排除在外！露西已经很久没有这么生气了……！自从真唯和皋月把露西丢下，两个人自己吃点心以来！露西很生气！
100002_8,3,401,怎、怎么了……！
100002_8,3,402,啊、啊呜、啊呜啊呜……就算道歉，也太迟了……！因为露西和玲奈子大人已经决定要炸掉王冢了……事到如今……！
100002_8,3,403,呀！
100002_8,3,404,对不起，露西。
100002_8,3,405,——
100002_8,3,406,在与纱月讨论婚约的时候，我也道歉过好几次……但希望你让我在这里再次郑重地向你赔罪。我母亲强行推进我们的婚约，给你添了很大的麻烦。虽然你似乎认为这是为了我们公司着想才下定决心的……但已经没关系了。
100002_8,3,407,露西。你想要报答我母亲的恩情，这份心意已经充分传达给我了。谢谢你。但是，你有你自己的人生。希望你不要被蔷薇女王束缚，找到属于你自己的幸福。
100002_8,3,408,舞，什么都不明白……
100002_8,3,409,……什么意思？
100002_8,3,410,露西至今为止，是怎么看待舞的。
100002_8,3,411,你对我……
100002_8,3,412,露西最讨厌舞了！
100002_8,3,413,露西讨厌被留着疼爱，拥有着一切的舞！
100002_8,3,414,但是，露西。你至今为止……
100002_8,3,415,和至今为止的事情没有关系！露西说的是现在！
100002_8,3,416,所以！所以，露西才想要夺走！夺走舞的容身之处，夺走一切，夺走所有！露西以为只要和舞订婚，结婚的话，就能实现这个愿望！
100002_8,3,417,可是，你却突然和皋月订婚……我不能原谅这种事！我绝对，永远都不会原谅你的！
100002_8,3,418,……这样啊。
100002_8,3,419,那真的是很抱歉。但是，我从一开始就不打算和你结婚。
100002_8,3,420,唔！
100002_8,3,421,至今为止，我一直没能告诉你。因为我觉得会伤害到你。但是，我也有我的人生。我已经决定要得到幸福了。
100002_8,3,422,你是觉得和露西在一起，就无法得到幸福吗……？
100002_8,3,423,那也错了。
100002_8,3,424,你对我来说很重要。我认为你是能够敞开心扉，无可取代的朋友。每次去法国，一年能见到你几次，我都很期待。你总是对我很好。我也把你当成亲妹妹一样，以爱情对待你。
100002_8,3,425,那么……
100002_8,3,426,但是，我有最重要的对象。所以……
100002_8,3,427,那就是——纱月吗！？
100002_8,3,428,没错。
100002_8,3,429,纱月同学……
100002_8,3,430,真唯选择了我。这就是一切，露西。
100002_8,3,431,纱月……为什么……！
100002_8,3,432,我不会道歉的。因为我与真唯不同。
100002_8,3,433,选择某样东西，就意味着不选择其他东西。很遗憾。这里已经没有你的容身之处了。你就老老实实地回法国吧。
100002_8,3,434,就像个需要照顾的妹妹
100002_8,3,435,——！
100002_8,3,436,你还是老样子，很单纯——
100002_8,3,437,呜哇啊啊啊啊啊啊啊啊啊啊啊！
100002_8,3,438,对、对不起！那个！学校见！
100002_8,3,439,那、那个……！
100002_8,3,440,呜哇啊啊啊啊啊啊啊啊啊啊啊啊啊！
100002_8,3,441,呜哇！露、露西！？
100002_8,3,442,呜哇啊啊啊啊啊啊啊！呜哇啊啊啊啊啊啊啊啊啊啊啊！
100002_8,3,443,露西！露西，那个！
100002_8,3,444,在这里的话，会被大家看到的！你冷静不下来吧！？我们走一会儿吧！？走一会儿！好吗！？
100002_8,3,445,呜哇啊啊啊啊啊啊啊啊啊啊啊啊啊啊啊啊啊啊啊啊啊啊啊啊啊啊啊啊啊！
100002_8,3,446,要炸掉玫瑰皇后
100002_8,3,447,我最讨厌真唯了
100002_8,3,448,不用在意纱月。比起这个，把露西交给你真是抱歉
100002_8,3,449,小露西，呃……要、要回家吗……？
100002_8,3,450,…………
100002_8,3,451,真唯和纱月，是露西的第一个朋友
100002_8,3,452,……嗯
100002_8,3,453,露西，一直都是一个人。没有父母，也没有兄弟，住在亲戚的家里。每天都很寂寞。但是有一天
100002_8,3,454,有位魔法师，来到了仙杜丽昂的家
100002_8,3,455,露西，喜欢，真唯，和纱月。只要想到她们两个人，嘴角就会自然地上扬，心情也会变得愉快。露西，第一次，遇到这样的人
100002_8,3,456,只有露西的重要的玩偶。在路上捡到的银色硬币。在秘密的地方找到的四叶草。爸爸和妈妈摸着头的微弱回忆……这些，对露西来说，就是真唯和纱月。
100002_8,3,457,……你想和真唯结婚吗？
100002_8,3,458,是
100002_8,3,459,……
100002_8,3,460,不知道……
100002_8,3,461,……嗯。
100002_8,3,462,露西，是想结婚，吗……
100002_8,3,463,但是，你被悔婚之后，不是伤心到想炸掉玫瑰皇后吗……？
100002_8,3,464,这个，露西也不明白
100002_8,3,465,只是，觉得必须做点什么……乌尔特的计量条，一直在增加……然后露西就想到，要炸掉它
100002_8,3,466,被小留叫过去，露西觉得很开心。小留觉得露西很特别，露西也觉得很开心。但是，关于『结婚
100002_8,3,467,……嗯，大概
100002_8,3,468,露西知道，结婚是和喜欢的人一起做的事。一生只有一次，和唯一一个很重要的人一起做的事……其实，露西也觉得……也许，不是这样的……
100002_8,3,469,……露西，到底，想怎么做呢……？
100002_8,3,470,喜欢
100002_8,3,471,露西最讨厌真唯了
100002_8,3,472,讨厌
100002_8,3,473,可是……露西，说了讨厌……
100002_8,3,474,一觉得烦躁，脑袋就会变得一片空白……这是露西非常不好的地方……觉得全部都不要了的心情，就会涌上心头……
100002_8,3,475,这样啊……嗯，我懂。
100002_8,3,476,小露西……你接下来想怎么做？
100002_8,3,477,……总之，我不会去爆炸了
100002_8,3,478,嗯，嗯
100002_8,3,479,我是不是……应该向真唯和纱月道歉……？
100002_8,3,480,嗯，嗯——！
100002_8,3,481,哎，就这样自然消失不也挺好的？我才不需要朋友。没有朋友更好，因为会降低人类强度……人要独自活着，独自死去
100002_8,3,482,好、好了好了！那个时候的纱月同学感觉也很差！会打她也是没办法的事！话虽如此，如果你想道歉的话，到时候我也会陪你一起去的，现在先放松一下吧？好吗？
100002_8,3,483,……嗯。
100002_8,3,484,但是……不管怎么说，我们已经不能再在一起了……对吧……
100002_8,3,485,应该……不会吧。
100002_8,3,486,……咦？
100002_8,3,487,至少，真唯和纱月同学都很重视小露西……虽然现在因为各种原因而闹得不愉快……但总有一天，应该能恢复原状吧……
100002_8,3,488,可是……
100002_8,3,489,我对真唯说了『最讨厌你了
100002_8,3,490,是、是这样没错啦。
100002_8,3,491,还打了纱月的脸颊…………
100002_8,3,492,是啊！
100002_8,3,493,我要彻底教训她，让她再也不敢反抗我
100002_8,3,494,呜呜……如果，纱月来报复我的话……。纱月，一旦生气，就很可怕……很强……
100002_8,3,495,小露西，你和纱月同学吵过架啊……
100002_8,3,496,是的……。我恶作剧在她脸上涂鸦的时候，她用洗衣夹夹住了我的脸……
100002_8,3,497,在纱月同学的脸上涂鸦！？
100002_8,3,498,我擅自帮她剪了刘海，觉得这样比较适合她的时候，她有五天左右都不和我说话……
100002_8,3,499,擅自帮纱月同学剪了刘海！？
100002_8,3,500,好、好了好了！如果真唯和纱月同学还在生气的话，我也会陪你一起去道歉的！好吗！？
100002_8,3,501,……玲奈子大人。
100002_8,3,502,差不多该回家了吧？待在这里，身体也会着凉的。
100002_8,3,503,……会寂寞吗？
100002_8,3,504,这样啊。
100002_8,3,505,那我们找个地方去玩吧？
100002_8,3,506,……玲奈子大人，可以吗？
100002_8,3,507,嗯，稍微陪一下你也可以。毕竟我不能放着现在的你不管
100002_8,3,508,既然这样！
100002_8,3,509,露西有个地方一直想去一次
100002_8,3,510,好啊，走吧走吧
100002_8,3,511,这种时候，就要痛痛快快地玩！
100002_8,3,512,嗯嗯！
100002_8,3,513,那我们走吧！
100002_8,3,514,哦——！
100002_8,3,515,喂！
100002_8,3,516,这是什么店啊！？
100002_8,3,517,什么店？
100002_8,3,518,是夜总会！
100002_8,3,519,所以说为什么啊！？
100002_8,3,520,咦？两个女孩子～？讨厌，好可爱～
100002_8,3,521,哎呀哎呀，今天怎么了？
100002_8,3,522,我们来玩了！
100002_8,3,523,是吗是吗。那，我们来玩吧～
100002_8,3,524,好！
100002_8,3,525,为什么……会变成这样……
100002_8,3,526,玲奈子大人要喝什么！？
100002_8,3,527,呃，那个～……我想想～……！
100002_8,3,528,啊，对了，我听说在这种地方点唐培里侬才是礼仪！可以点唐培里侬吗！？
100002_8,3,529,我们还未成年啊……！？
100002_8,3,530,但是，在法国，16岁就可以喝酒了
100002_8,3,531,这里是日本！
100002_8,3,532,未成年？你刚才说未成年？
100002_8,3,533,呃，那个那个
100002_8,3,534,如果未成年的话，就必须请你们离开……
100002_8,3,535,不，露西已经二十岁了。
100002_8,3,536,啊，是这样啊。
100002_8,3,537,那边的女孩子也是？
100002_8,3,538,啊，啊呜，啊……
100002_8,3,539,去夜总会的女人
100002_8,3,540,……明明都有我了，玲奈子，你真是差劲。
100002_8,3,541,好过分，小玲奈……比起我，你更喜欢成熟的大姐姐呢……
100002_8,3,542,但你确实来了吧？
100002_8,3,543,当，当然～我是女大学生～……
100002_8,3,544,嗯，那么今天就请你好好享受吧
100002_8,3,545,哈哈，哈哈哈哈……
100002_8,3,546,那么，就点一杯唐培里侬香槟王吧，唐培里侬香槟王！
100002_8,3,547,不行！我们还不能喝酒！对吧，露西
100002_8,3,548,但是，在法国
100002_8,3,549,对吧！？
100002_8,3,550,是，是的
100002_8,3,551,那要来杯橙汁，或者无酒精鸡尾酒吗～？
100002_8,3,552,那就来一杯那个！
100002_8,3,553,那么，姐姐们也点些喜欢的东西吧
100002_8,3,554,哎～，可以吗～？
100002_8,3,555,可以。露西，有很多钱
100002_8,3,556,虽然我觉得不太可能，但露西应该不是这种店的常客吧……？
100002_8,3,557,我是第一次来玩。但是，我听说过。在日本，压力大的大人会来夜总会！
100002_8,3,558,那大概是偏见吧！
100002_8,3,559,在龙之信条里是这样的！
100002_8,3,560,别把那种上班族会在路边突然被黑社会殴打的游戏当真啊！
100002_8,3,561,你们关系真好啊。是大学的朋友吗？
100002_8,3,562,啊，不是……！怎么说呢，是游戏朋友！
100002_8,3,563,这样啊。你们经常在家里玩游戏吗？
100002_8,3,564,哈哈……嗯，是啊……
100002_8,3,565,你喜欢什么样的游戏？
100002_8,3,566,啊，啊哈哈，是、是啊！主要是用枪射击人的游戏！
100002_8,3,567,FPS吗～？我啊，在家里也经常玩呢～
100002_8,3,568,是、是这样吗！？真巧啊！
100002_8,3,569,这样啊～！
100002_8,3,570,你是第一次来这种店吗？
100002_8,3,571,是、是啊……我很紧张……！
100002_8,3,572,啊哈哈。真可爱～
100002_8,3,573,来嘛来嘛，难得来了，就开心点嘛？好吗？
100002_8,3,574,！？
100002_8,3,575,呐呐，我叫凛，你叫我什么好呢？
100002_8,3,576,咦？呃……！
100002_8,3,577,春……
100002_8,3,578,春？
100002_8,3,579,春奈…………
100002_8,3,580,那么小春菜，干杯～♡
100002_8,3,581,干、干杯～！
100002_8,3,582,嗯，好喝。多谢款待，小春菜。
100002_8,3,583,啊、啊哈哈哈哈！
100002_8,3,584,如何？
100002_8,3,585,很好喝！
100002_8,3,586,呵呵。
100002_8,3,587,大人的味道……是这种感觉吗？
100002_8,3,588,我被悔婚了！呜呜呜呜！露西，露西我！
100002_8,3,589,那也太过分了！
100002_8,3,590,就是啊！太过分了！
100002_8,3,591,小露西，好可怜！
100002_8,3,592,呜呜呜，可怜的露西……！呜呜呜呜……
100002_8,3,593,心
100002_8,3,594,好，我知道了，喝吧，小露西！今天我会陪你到最后的！
100002_8,3,595,呜哇～！再来一杯～！
100002_8,3,596,我很正经
100002_8,3,597,凛小姐！我也要再来一杯！
100002_8,3,598,哦，不错嘛。喝得真爽快
100002_8,3,599,难得来一次！这也是人生经验！
100002_8,3,600,没错没错～
100002_8,4,601,谁是国王呢～
100002_8,4,602,是我～☆
100002_8,4,603,哇～
100002_8,4,604,那么～1号和2号～来夸奖国王～☆
100002_8,4,605,那么，失礼了
100002_8,4,606,呵呵呵
100002_8,4,607,诶，诶？
100002_8,4,608,我最喜欢，玲奈子大人了♡
100002_8,4,609,！？
100002_8,4,610,小春菜，好可爱♡
100002_8,4,611,！？
100002_8,4,612,玲奈子
100002_8,4,613,春菜
100002_8,4,614,多亏了玲奈子大人，今天真的非常开心
100002_8,4,615,要再来哦。我会等你的。今天真的非常开心♡
100002_8,4,616,玲奈子大人是我的恩人……我非常仰慕您……♡
100002_8,4,617,啊～脸都红透了～好可爱♡
100002_8,4,618,啾
100002_8,4,619,刺激太强了！
100002_8,4,620,啊哈哈哈
100002_8,4,621,那么下一轮！下一轮！
100002_8,4,622,国王是～！好，是露西！
100002_8,4,623,3号是～！
100002_8,4,624,请让国王吸奶！
100002_8,4,625,怎么可能啊！
100002_8,4,626,你，你真的没喝酒吧？
100002_8,4,627,呜呜……玲奈子大人……
100002_8,4,628,没事吧……？
100002_8,4,629,至少要到大路上，才能拦到出租车吧……
100002_8,4,630,……玲奈子大人…………
100002_8,4,631,嗯，嗯。再忍耐一下，露西。能走吗……？
100002_8,4,632,……
100002_8,4,633,怎，怎么了……？
100002_8,4,634,……要不要，稍微休息一下
100002_8,4,635,你的意思是……
100002_8,4,636,咦！？
100002_8,4,637,不，那个！
100002_8,4,638,…………
100002_8,4,639,……我，我知道了
100002_8,4,640,……嗯……
100002_8,4,641,理智
100002_8,4,642,打扰了……
100002_8,4,643,玲奈子大人……
100002_8,4,644,是是，我在这里哦——
100002_8,4,645,嗯……
100002_8,4,646,……诶？
100002_8,4,647,……玲奈子大人
100002_8,4,648,好色啊……
100002_8,4,649,嗯，好色！ｗ
100002_8,4,650,嗯……
100002_8,4,651,嗯
100002_8,4,652,好！去洗澡吧！小露西，去洗澡吧！？要洗澡了，所以自己把衣服脱掉哦！好吗！
100002_8,4,653,……好
100002_8,4,654,呼……
100002_8,4,655,玲奈子大人……
100002_8,4,656,嗯？
100002_8,4,657,……要不要，一起进去呢？
100002_8,4,658,…………嗯嗯嗯嗯。
100002_8,4,659,进去
100002_8,4,660,露西就拜托你了，玲奈子。对她温柔一点吧。
100002_8,4,661,是啊
100002_8,4,662,…………嗯，我觉得可以哦。
100002_8,4,663,……玲奈子大人？
100002_8,4,664,……
100002_8,4,665,对不起，今天……
100002_8,4,666,呃，那个……
100002_8,4,667,把你耍得团团转。
100002_8,4,668,就是啊
100002_8,4,669,算、算了，这样也不错啦……！毕竟在快要自暴自弃的时候，有朋友愿意陪自己，我觉得这样挺好的。
100002_8,4,670,玲奈子大人……
100002_8,4,671,我们结婚吧。
100002_8,4,672,——唔咦！？
100002_8,4,673,……不愿意吗？和露西成为家人……
100002_8,4,674,啊，呃……！
100002_8,4,675,好啊好啊！来当吧！
100002_8,4,676,不行
100002_8,4,677,自己的人生要自己掌舵！ｗ
100002_8,4,678,不，不过说到底，日本的女孩子之间是不能结婚的啊！？
100002_8,4,679,？在法国就可以哦
100002_8,4,680,未婚夫
100002_8,4,681,小露西，你喜欢我吗？
100002_8,4,682,喜欢
100002_8,4,683,但是
100002_8,4,684,我喜欢，愿意陪在我身边的人
100002_8,4,685,真唯是第一个朋友，所以喜欢。瑠奈给了我容身之处，所以喜欢。阳和我在一起，所以喜欢。玲奈子大人很温柔，所以喜欢。不管和谁结婚，露西一定都会比现在更加幸福
100002_8,4,686,……玲奈子大人
100002_8,4,687,呃……那个，我也……喜欢露西哦……作为朋友
100002_8,4,688,我一直都没有能聊喜欢的游戏的朋友，所以能和露西相遇我很开心。虽然我们才刚认识，但我感觉和露西能变得更加要好
100002_8,4,689,今后，我也想和露西好好相处……。这些，都是我的真心话
100002_8,4,690,但是……我，不能和露西结婚
100002_8,4,691,结婚吧
100002_8,4,692,因为我，有喜欢的人
100002_8,4,693,那个人，比露西还要重要吗？
100002_8,4,694,我两边都一样喜欢！
100002_8,4,695,嗯……对不起……
100002_8,4,696,对不起
100002_8,4,697,这样啊。
100002_8,4,698,那么，就当侧室……
100002_8,4,699,等一下！？
100002_8,4,700,呵呵，开玩笑的。
100002_8,4,701,真的？真的吗？
100002_8,4,702,…………妈妈……
100002_8,4,703,我说，露西。如果你真的无处可去的话
100002_8,4,704,到时候，那个……我们几个朋友，要不要一起合租？虽然可能没办法一直在一起……但是，如果能稍微让你不那么寂寞的话，那就太好了
100002_8,4,705,……玲奈子大人
100002_8,4,706,……我果然，最喜欢玲奈子大人了。你很温柔。
100002_8,4,707,嗯……
100002_8,4,708,如果妈妈还在的话，我想……她一定会像这样温柔地对待我吧。
100002_8,4,709,我会再稍微……仔细地思考一下。思考露西真正想做的事情……
100002_8,4,710,……嗯。
100002_8,4,711,如果思考的结果，露西真正想做的事情是炸掉Queen　O'roz的话，到时候就再麻烦你了。
100002_8,4,712,嗯嗯！我很难说YES！
100002_8,4,713,呵呵呵。
100002_8,4,714,——！？
100002_8,4,715,露西！？你刚才吸了我的胸部！？
100002_8,4,716,妈妈～
100002_8,4,717,等一下！？
100002_8,4,718,真正想做的事情
100002_8,4,719,你还在意吗？
100002_8,4,720,……嗯。
100002_8,4,721,这是你们两个人决定的吧。
100002_8,4,722,不惜欺骗妈妈，甚至伤害露西。
100002_8,4,723,是啊。即使如此，你还是想和那个女人结合吧。
100002_8,4,724,……
100002_8,4,725,这就是你的『恋爱
100002_8,4,726,纱月，我……
100002_8,4,727,怎么了？还是说，你要放弃？
100002_8,4,728,如果你希望如此，那我也没关系。如果你说区区的恋爱，没有欺骗亲人，甚至伤害青梅竹马的价值，那我也无所谓。
100002_8,4,729,……是啊，说得也是。
100002_8,4,730,在把你卷进来的时候，我就只能前进了。顺从自己的内心，为了实现我自己的愿望。
100002_8,4,731,……
100002_8,4,732,真唯。
100002_8,4,733,纱月。
100002_8,4,734,……唔。
100002_8,4,735,我们是未婚夫妻。
100002_8,4,736,如果我不这么做，肯定会被怀疑的。
100002_8,4,737,……是吗？
100002_8,4,738,我明白了。
100002_8,4,739,恋爱
100002_8,4,740,……唔，好吧。
100002_8,4,741,刚才那只是在测试你的心意。既然你已经下定决心，应该不会露出马脚吧。
100002_8,4,742,纱月。
100002_8,4,743,我很感谢你。
100002_8,4,744,真恶心。
100002_8,4,745,所以～
100002_8,4,746,第一届，安慰被小真唯甩掉的我和小玲奈的大会～。哇～
100002_8,4,747,这是那种大会吗！？
100002_8,4,748,哎呀哎呀……真伤脑筋呢。
100002_8,4,749,是啊……真唯真唯！
100002_8,4,750,真唯真唯…………呢！？
100002_8,4,751,不是，那个……因为她说『真伤脑筋呢
100002_8,4,752,真唯真唯
100002_8,4,753,那么，小真唯。
100002_8,4,754,今天我会让你好好地宠坏我，做好觉悟吧。
100002_8,4,755,当然。抱歉让你感到如此不安。然后，谢谢你给了我弥补的机会，紫阳花。
100002_8,4,756,所以，我们现在要去哪里？
100002_8,4,757,当然是很棒的地方。
100002_8,4,758,习惯
100002_8,4,759,……你觉得是哪里？
100002_8,4,760,嗯～……毕竟是小真唯，应该是非常时髦的饭店咖啡厅之类的吧？
100002_8,4,761,你这样想就太天真了，紫阳花同学。
100002_8,4,762,咦？
100002_8,4,763,怎么可能是那种一般人想象得到的地方。毕竟是真唯，肯定会在各种意义上超乎我们的想象。
100002_8,4,764,各种意义上……！
100002_8,4,765,那么，小玲奈的预测是？
100002_8,4,766,豪华客船的，邮轮之旅……！
100002_8,4,767,咦咦？
100002_8,4,768,然后就这样，我们三人直接环游世界一周！
100002_8,4,769,怎么办，小玲奈！我没有带护照！
100002_8,4,770,那肯定也会帮你准备好的！
100002_8,4,771,学校呢！？
100002_8,4,772,已经安排好可以线上上课了！
100002_8,4,773,哇啊啊。
100002_8,4,774,原来如此。还有这一招啊。下次就挑战看看吧。
100002_8,4,775,我会很困扰的！？
100002_8,4,776,我、我也一样，要是离开家里太久会给家人添麻烦的……
100002_8,4,777,既然如此，就招待紫阳花的家人一起吧。肯定会是一趟愉快的旅行。
100002_8,4,778,哇啊啊啊……
100002_8,4,779,钱真好呢……只要有钱，幸福就会随之而来呢……
100002_8,4,780,当然，光靠钱也买不到的幸福，也是多不胜数。
100002_8,4,781,比方说，玲奈子与紫阳花的心，无论我花多少钱，也买不到。
100002_8,4,782,是啊。
100002_8,4,783,确实如此～
100002_8,4,784,用钱买到的幸福
100002_8,4,785,呜哇啊啊啊啊啊啊啊啊啊！
100002_8,4,786,咦！？
100002_8,4,787,玲、玲奈子！？
100002_8,4,788,咦！？怎么了！？刚才发生了什么事！？
100002_8,4,789,咦！？
100002_8,4,790,因为你突然大叫……
100002_8,4,791,是这样啊！？也是会有这种事的呢！吓我一跳！
100002_8,4,792,小、小真唯……小玲奈，她怎么了……？
100002_8,4,793,不知道……我说，玲奈子。要是发生了什么事，你可以跟我们说……
100002_8,4,794,完、完全，不要紧哦！PeacePeace！
100002_8,4,795,哎呀～其实我和露西，用妹妹的假名谎称是女大学生，去了一趟酒店！第一次玩了国王游戏！离开店里后还一起去旅馆脱了她的内裤，两个人一起洗澡，但因为是朋友所以不算数！
100002_8,4,796,这、这次是小玲奈默默地用头去撞电线杆……
100002_8,4,797,而且还笑着……
100002_8,4,798,对不起……现在还，没办法……但总有一天，总有一天，我会告诉你们的……
100002_8,4,799,嗯、嗯……
100002_8,4,800,到底是发生了什么事啊……
100002_8,5,801,呜呜，真唯，紫阳花同学……请你们揍我吧。用尽全力打我的脸颊……如果你们不揍我的话，我就连和你们拥抱的资格都没有……
100002_8,5,802,为什么是跑吧梅洛斯……？
100002_8,5,803,……看来，你遇到了相当严重的事呢。
100002_8,5,804,那么，就我们两个来吧。
100002_8,5,805,真的要打我吗！？
100002_8,5,806,要是玲奈子今天一整天都是这个样子，那约会不就泡汤了吗？
100002_8,5,807,是、是这样没错啦……
100002_8,5,808,好痛。
100002_8,5,809,呵呵呵。来，紫阳花也来。
100002_8,5,810,嗯、嗯……对、对不起哦……？
100002_8,5,811,没、没事吧？
100002_8,5,812,惩罚
100002_8,5,813,呵呵，呵呵呵呵，谢谢……啊啊，好痛……好开心……
100002_8,5,814,她、她在笑……
100002_8,5,815,那、那个……如果恋人觉醒了奇怪的兴趣，我们该怎么办……
100002_8,5,816,到时候，也只能努力去理解她了吧。
100002_8,5,817,呜呜……我、我知道了。
100002_8,5,818,唉……所以小玲奈才会这么没用……
100002_8,5,819,小玲奈，对不起哦，很痛吧……？
100002_8,5,820,好，到了。
100002_8,5,821,这里……看起来实在不像水上之旅的入口呢？
100002_8,5,822,不不不。现在还不能放心哦，紫阳花同学。说不定有从大楼地下延伸出去的隐藏通道连接到港口。
100002_8,5,823,听起来很不合法耶！？
100002_8,5,824,出租空间？
100002_8,5,825,没错。
100002_8,5,826,今天，我想和你们两个开饺子派对。
100002_8,5,827,饺子。
100002_8,5,828,派对……！
100002_8,5,829,这也是真唯准备的？
100002_8,5,830,是啊。我从早上就一个人在准备。很开心哦。
100002_8,5,831,为什么是饺子派对……？
100002_8,5,832,我之前在电视上看到，就想要试试看了。
100002_8,5,833,……
100002_8,5,834,是说，既然这样，去真唯家不就好了吗！？有必要特地租借出租空间吗！？
100002_8,5,835,这样比较让人吃惊吧？
100002_8,5,836,你把生命都赌在让人吃惊上面了啊！
100002_8,5,837,我从来没有亲手做过饺子呢。
100002_8,5,838,嗯，我也没有经验。必要的东西应该都准备好了，如果不够的话，之后再去买吧。
100002_8,5,839,首先要做馅料呢。
100002_8,5,840,是啊～要是有从家里带围裙来就好了。
100002_8,5,841,围裙也准备了符合人数的份哦。来。
100002_8,5,842,哇，好可爱～那我就借来用咯～
100002_8,5,843,好～小真唯想做什么～？
100002_8,5,844,砧板和菜刀只有一组，切菜就交给紫阳花吧。我先做其他准备。
100002_8,5,845,好～
100002_8,5,846,那、那个！有没有什么我能帮忙的……？
100002_8,5,847,咦——？小玲奈什么都不会做吧？ｗ你就随便找个地方坐着吧ｗ
100002_8,5,848,那么，我有重要的工作要交给小玲奈。我现在要开始包饺子，你去准备一个能放很多饺子的大盘子吧
100002_8,5,849,明白了！包在玲奈子身上！
100002_8,5,850,那么接下来，可以麻烦你煮饭吗？
100002_8,5,851,好的！
100002_8,5,852,饺子派对
100002_8,5,853,把不会做饭的女人抓出来处刑祭
100002_8,5,854,那、那个。对不起，其实，我从来没有煮过饭！
100002_8,5,855,所以，那个……希望你能教我……
100002_8,5,856,是这样吗？
100002_8,5,857,那，我们一起做吧。
100002_8,5,858,嗯……嗯！
100002_8,5,859,嗯～煮个两杯米左右吧。那个啊，像这样。
100002_8,5,860,好、好的。
100002_8,5,861,把水加到这条线，然后像这样淘米，反复淘到水不再变白为止。
100002_8,5,862,嗯，做得不错做得不错……呵呵，就是这样，小玲奈
100002_8,5,863,你看起来挺开心的嘛。
100002_8,5,864,是、是啊！
100002_8,5,865,那么，这次要不要一起包馅？
100002_8,5,866,我想试试看！
100002_8,5,867,就是那个吧，感觉就像做汉堡排那样对吧。
100002_8,5,868,哦，你有做过吗？
100002_8,5,869,没有啦！
100002_8,5,870,那么，就像这样……把紫阳花切好的材料，与调味料混合在一起，然后揉捏。
100002_8,5,871,好～！
100002_8,5,872,来，玲奈子也来。
100002_8,5,873,唔，嗯。
100002_8,5,874,不是这样，来。
100002_8,5,875,咦……咦！？
100002_8,5,876,就、就算要揉肉，我一个人也行！
100002_8,5,877,不，这可是有诀窍的。电视上有播过。你看，就像这样画圆，好好地揉捏。
100002_8,5,878,唔、唔唔……是……！
100002_8,5,879,哪有这种事啊！
100002_8,5,880,没错……要慢慢地，温柔地。持续到有粘性为止。
100002_8,5,881,很好，玲奈子……没错没错，要注意力道。嗯，你很擅长呢……
100002_8,5,882,咦～？小玲奈，你的脸是不是有点红啊～？
100002_8,5,883,咿！
100002_8,5,884,我、我我我想应该没有那回事！可能是暖气开太强了吧！？
100002_8,5,885,我倒是觉得有点冷呢～？
100002_8,5,886,是这样啊，那肯定是因为我的体温比较高吧！
100002_8,5,887,嘿。
100002_8,5,888,！？
100002_8,5,889,我也要一起混进去～
100002_8,5,890,哎呀。早知道这样，就用大一点的碗了。
100002_8,5,891,嘿，嘿！
100002_8,5,892,呵呵呵。
100002_8,5,893,呼……已经，吃不下了……
100002_8,5,894,饺子派对……好开心……
100002_8,5,895,那就好。
100002_8,5,896,谢谢你帮忙策划，小真唯。
100002_8,5,897,不客气。不过，这终究只是我想尝试看看。因为我觉得和你们两个一起的话，肯定会很开心。
100002_8,5,898,嗯，很开心。
100002_8,5,899,嗯嗯～……肚子好难受呢。
100002_8,5,900,啊哈哈，是啊。
100002_8,5,901,话说！做料理，真开心呢！
100002_8,5,902,是啊～？
100002_8,5,903,想着某个人而做的料理，总是很开心的哦。
100002_8,5,904,就像紫阳花同学之前做芝士蛋糕给我吃那样？
100002_8,5,905,嗯！
100002_8,5,906,当然，今天的我也是想着玲奈子和紫阳花，才煎了饺子。
100002_8,5,907,唔哇，感觉真唯在跟我较劲！
100002_8,5,908,那我也是想着小玲奈和真唯，才切了卷心菜～
100002_8,5,909,切的时候想到这个不会有点可怕吗！？
100002_8,5,910,确实～
100002_8,5,911,……真舒服呢。
100002_8,5,912,果然，我的决定并没有错。
100002_8,5,913,我有话想再次告诉你们两位。
100002_8,5,914,嗯。
100002_8,5,915,以我的婚约者问题为开端，至今为止我让你们两位经历了许多事情。实在很抱歉。
100002_8,5,916,不，别这么说。
100002_8,5,917,不，毕竟是我身边的问题。我必须设法解决这件事。所以，我决定了。
100002_8,5,918,无论发生什么事，我今后都想继续与你们来往。为此，我会尽我所能。
100002_8,5,919,今天三个人一起度过，我再次强烈地这么认为。我喜欢你们。我对你们抱有恋爱感情。
100002_8,5,920,我、我也……？
100002_8,5,921,嗯，当然。
100002_8,5,922,咦咦！
100002_8,5,923,应该说，我才想问呢。与紫阳花成为恋人之后，有人不会喜欢上紫阳花吗？
100002_8,5,924,咦咦……？
100002_8,5,925,不过，这份感情与对玲奈子的恋爱感情是不一样的。但是，玲奈子教会了我，对每个人抱持的好感种类不同也没关系。
100002_8,5,926,我没那么了不起啦。
100002_8,5,927,呵呵呵。所以，我要继续守护与你们的每一天。无论发生任何事情，我都会这么做。
100002_8,5,928,你说任何事情……我并没有希望小真唯勉强自己啊。
100002_8,5,929,不要紧的，紫阳花。我知道你对这件事有什么想法。毕竟你无论何时都是将光明正大视为美德的善良之人。对于我和纱月的婚约，你肯定觉得像是欺骗了自己人，所以感到不安吧。
100002_8,5,930,……嗯。
100002_8,5,931,即使如此，我也……
100002_8,5,932,交给我吧。
100002_8,5,933,我不会再丢下你们两人，自己跑到别的地方去了。我今后也想一直和你们在一起。
100002_8,5,934,虽……虽然现在说这个或许有点晚了，但我还是想好好地传达自己的想法。
100002_8,5,935,我很开心哦。谢谢你，小真唯。
100002_8,5,936,嗯、嗯。能知道真唯的心意，我也很开心哦！
100002_8,5,937,感觉有点难为情呢。
100002_8,5,938,对了。所以呢，作为我下定决心的证明，我也准备了东西。
100002_8,5,939,咦？是什么？
100002_8,5,940,这是恋爱事业计划书。假设恋人契约每三个月，也就是每四分之一的季度进行一次运用，我将今后的人生计划整理好了。
100002_8,5,941,小真唯！？
100002_8,5,942,那是我之前做过的那个！
100002_8,5,943,怎么样，吓到了吗？
100002_8,5,944,吓到了……！我还以为这次会被小真唯叫乙……
100002_8,5,945,不要为了一个段子就做这么费工夫的东西啊……你很忙的吧……
100002_8,5,946,不过，玲奈子的那个段子也相当讲究不是吗？
100002_8,5,947,我是认真的啊！
100002_8,5,948,抱歉抱歉。因为从你那里得到的爱让我很开心，所以我也忍不住想模仿你。
100002_8,5,949,玲奈子。
100002_8,5,950,嗯……？
100002_8,5,951,呀……！？
100002_8,5,952,等等等等等等等等！
100002_8,5,953,怎么了，玲奈子？
100002_8,5,954,你在做什么啊——！？
100002_8,5,955,什么做什么，我在吻你啊。
100002_8,5,956,在、在别人面前！在别人面前！
100002_8,5,957,什么别人面前，说得太见外了吧。我们三个人不是在交往吗？
100002_8,5,958,是这样没错……！是这样没错……！？
100002_8,5,959,小真和小玲奈接吻了……
100002_8,5,960,没、没有！
100002_8,5,961,有……
100002_8,5,962,有、有啦……！
100002_8,5,963,呵呵呵，很可爱哦，玲奈子。
100002_8,5,964,不、不行啦！？
100002_8,5,965,为什么？要排挤紫阳花吗？这样她很可怜吧。
100002_8,5,966,就算是这样也没必要在别人面前做吧！？真唯也会害羞的吧！？
100002_8,5,967,嗯……多少会吧。但是，我已经下定决心要守护与你们两人的幸福。为此，我想在这里感受比以往更强烈的羁绊。
100002_8,5,968,来，玲奈子。
100002_8,5,969,不、不要！
100002_8,5,970,呼、呼
100002_8,5,971,哇啊啊……我第一次看到认识的人接吻……
100002_8,5,972,也、也是呢……
100002_8,5,973,心脏跳得好快……可是……
100002_8,5,974,今后或许也会有这样的机会……得习惯才行呢……！
100002_8,5,975,这样的机会是什么！？
100002_8,5,976,啊，抱歉，我去接个吻……
100002_8,5,977,啊，这两个人刚才去接吻了……
100002_8,5,978,那么，紫阳花。
100002_8,5,979,小、小真……
100002_8,5,980,那、那个！
100002_8,5,981,啾
100002_8,5,982,怎么了？玲奈子。
100002_8,5,983,不…………没什么…………
100002_8,5,984,是、是脸颊啊……
100002_8,5,985,哎呀，紫阳花比较喜欢亲嘴吗？
100002_8,5,986,不、不是那样啦，不是那样……！
100002_8,5,987,可是，之前……真唯她，有说过……不久之后，也会和我，那个……接吻吗……所以……
100002_8,5,988,呵呵……意思是，你有那个意思了。
100002_8,5,989,我、我当然会稍微意识到啊！
100002_8,5,990,紫阳花真可爱呢。
100002_8,5,991,真是的……
100002_8,5,992,只不过呢。
100002_8,5,993,关键的玲奈子，似乎还没有做好心理准备呢。
100002_8,5,994,唔、唔欸！？
100002_8,5,995,因、因为！我吓了一跳嘛！？
100002_8,5,996,吓了一跳呢……
100002_8,5,997,可是……
100002_8,5,998,……感觉，好像，也不讨厌……
100002_8,5,999,？
100002_8,5,1000,这样啊～
100002_8,6,1001,等一下等一下等一下等一下
100002_8,6,1002,嫉妒
100002_8,6,1003,好啦，那么……
100002_8,6,1004,最后是玲奈子和紫阳花。
100002_8,6,1005,不行不行！
100002_8,6,1006,啊哈哈哈
100002_8,6,1007,……嗯？
100002_8,6,1008,今天谢谢你。我很开心哦。
100002_8,6,1009,我爱你哦，玲奈子。
100002_8,6,1010,我才是，谢谢你！
100002_8,6,1011,我也爱你
100002_8,6,1012,我也喜欢你哦
100002_8,6,1013,喜欢
100002_8,6,1014,我也最喜欢你了！
100002_8,6,1015,！
100002_8,6,1016,我最喜欢最喜欢最喜欢真唯了！
100002_8,6,1017,我也喜欢你哦！
100002_8,6,1018,最
100002_8,6,1019,果然还是改成我爱你比较好吧？
100002_8,6,1020,所以我说挚友是最好的！
100002_8,6,1021,——无论发生什么事，我今后都想继续和你们来往。为此，我会尽我所能。
100002_8,6,1022,咦？纱月同学？
100002_8,6,1023,那么，之后就拜托你了。
100002_8,6,1024,咦？那个，等一下。
100002_8,6,1025,甘织大人。
100002_8,6,1026,请上车。
100002_8,6,1027,那个……请问这是要去哪里呢……
100002_8,6,1028,……
100002_8,6,1029,为什么纱月同学和花取小姐，会在我家前面等我呢……？
100002_8,6,1030,……
100002_8,6,1031,花、花取小姐……我突然想去洗手间了……
100002_8,6,1032,…………
100002_8,6,1033,到了。
100002_8,6,1034,咿…………
100002_8,6,1035,请下车。
100002_8,6,1036,不要！
100002_8,6,1037,那个，花取小姐，这是怎么回事啊……今天不是愚人节吧～？
100002_8,6,1038,说起来！你听说了吗！真唯和纱月同学好像订婚了耶！真唯派大胜利～！恭喜你，花取小姐！你的梦想实现了呢～！
100002_8,6,1039,哎呀，毕竟她们两个很相配嘛！从小就认识的青梅竹马居然订婚了！哎呀，多么浪漫啊！是全世界少女的憧憬！好莱坞决定要拍成电影！就是这种感觉对吧～！
100002_8,6,1040,换句话说，你和真唯大小姐分手了，是吗？
100002_8,6,1041,嗯，是啊！
100002_8,6,1042,这也没办法啊！像我这样的凡人，原本就配不上真唯！就算只有一瞬间，我也作了一场美梦！谢谢你，真唯～！
100002_8,6,1043,大小姐不是那种会以如此轻浮的心态与人交往的人。
100002_8,6,1044,那——那倒是！到底是为什么呢！说不定是有什么不可告人的原因！还是说她对我感到厌烦了呢！我也不太清楚！毕竟我只是个量产型女生！
100002_8,6,1045,已经，够了。
100002_8,6,1046,怎、怎么了吗……？
100002_8,6,1047,我已经，全都明白了。
100002_8,6,1048,全都…………？
100002_8,6,1049,当我听说大小姐与弗雷贝尔大人订婚的时候，我第一次对琉音大人提出了异议。
100002_8,6,1050,……咦？
100002_8,6,1051,大小姐的人生，是属于大小姐的。无论其他人多么重视大小姐，都不允许强制大小姐的行动。我是这样对琉音大人说的。因为，大小姐有正在交往的学友。
100002_8,6,1052,那是指……
100002_8,6,1053,你是想保护我和真唯，是吗……？
100002_8,6,1054,毒虫
100002_8,6,1055,琉音大人没有听从我的话。我很遗憾，很不甘心。我无法守护大小姐。从那以后，我就一直无法投入工作。但是
100002_8,6,1056,大小姐亲自告诉琉音大人『要和琴大人重新订婚
100002_8,6,1057,我无法忍受日益强烈的违和感，如果这是大小姐自己的意愿，那我即使流着血泪也要阻止她……。我下定决心后，大小姐和琴大人告诉了我。她们两人为了阻止琉音大人的计划而共谋。为了守护人生
100002_8,6,1058,一切
100002_8,6,1059,我感到遗憾的同时……也感到非常满足。过去小时候，两位打破了琉音大人的嘱咐，牵起了手。我看到了真实的爱
100002_8,6,1060,然后，现在再一次。两位的羁绊，不需要被结婚这种有形的东西束缚，永远地结合在一起了。所以，为了相信我而坦白的两位，我这次下定决心，一定要成为你们的力量
100002_8,6,1061,嗯……谢谢你，花取小姐
100002_8,6,1062,所以——
100002_8,6,1063,碧崎莉丝调查报告书
100002_8,6,1064,那个，这是？
100002_8,6,1065,这、这是什么啊！？
100002_8,6,1066,我委托征信社调查了你的身边状况。作为守护真唯大小姐人生的手段，这是理所当然的。
100002_8,6,1067,是说，为什么上面有小耀子的名字……！？不、不对，咦！？等！？
100002_8,6,1068,咦咦咦咦咦咦咦咦咦咦咦咦咦咦咦咦咦咦咦咦咦咦咦！？
100002_8,6,1069,大小姐和琴小姐。
100002_8,6,1070,拼命想要守护的你，居然，居然是这种女人——
100002_8,6,1071,不是的！这是假的！搞错了！
100002_8,6,1072,哦？
100002_8,6,1073,不是的！！
100002_8,6,1074,我没有脚踏四只船！
100002_8,6,1075,请老实回答。
100002_8,6,1076,在我判断你说谎的那一刻，我就，要把你…………
100002_8,6,1077,要把我！？做什么！？
100002_8,6,1078,那么我要问了。
100002_8,6,1079,惩罚不明朗的情况下就直接开始！？
100002_8,6,1080,你脚踏四只船对吧？
100002_8,6,1081,没有！我向天地神明发誓！
100002_8,6,1082,你脚踏四只船对吧？
100002_8,6,1083,怎么可能！我向真唯发誓！
100002_8,6,1084,你脚踏四只船对吧？
100002_8,6,1085,咦！？这是那种直到我说YES为止都会一直持续下去的RPG吗！？
100002_8,6,1086,我，和真唯，还有紫阳花同学——三个人在交往！
100002_8,6,1087,……啥？
100002_8,6,1088,之前不是和花取小姐说过吗！在Cosplay活动会场出现的脚踏两只船的传闻！那个，是真的！不是空穴来风的传闻！我想要让真唯和紫阳花同学两个人都幸福！所以，我才会牵起她们两个人的手！
100002_8,6,1089,……脚踏两只船……？
100002_8,6,1090,嗯……！总之，就是这么一回事！
100002_8,6,1091,脚踏两只船
100002_8,6,1092,所以！
100002_8,6,1093,请相信我！那个档案里面写的内容，完全不是那么一回事！不是脚踏四只船！我没有脚踏四只船！那不就是个人渣吗！不是的！请相信我！我的罪状，只是脚踏两只船而已！！
100002_8,6,1094,还不是一样！！
100002_8,6,1095,你这毒虫
100002_8,6,1096,为什么大小姐会喜欢上你这样的人
100002_8,6,1097,琴大人也是，到底为什么……
100002_8,6,1098,说实话，我也很混乱。这实在是太可怕了，太脱离常轨了
100002_8,6,1099,你都已经得到了成为大小姐的恋人的80亿分之1的幸福，为什么还要对别的女人出手呢！？你脑子有问题吗！
100002_8,6,1100,请你今后不要再接近大小姐了
100002_8,6,1101,曾经一度相信你的我，真是个笨蛋
100002_8,6,1102,毒虫
100002_8,6,1103,下次你再接近大小姐的话，我会把你排除掉的。就算会被大小姐怨恨，就算要赔上我的性命。不管要违反什么刑法，我一定会把你——
100002_8,6,1104,——毒虫
100002_8,6,1105,……酱……玲奈，酱
100002_8,6,1106,……女神大人……？
100002_8,6,1107,诶？不是啦
100002_8,6,1108,已经到休息时间了哦？
100002_8,6,1109,啊，抱歉……我好像睡着了
100002_8,6,1110,嗯。话说你好像在说梦话……？老师很为难哦
100002_8,6,1111,抱歉
100002_8,6,1112,诶？
100002_8,6,1113,我稍微去一下屋顶
100002_8,6,1114,下一堂课要开始了哦～……？
100002_8,6,1115,啊……
100002_8,6,1116,……我明明知道，根本不可能会那样的……
100002_8,6,1117,不普通的道路
100002_8,6,1118,不普通的道路
100002_8,6,1119,已经，不行了……
100002_8,6,1120,绝对不认同
100002_8,6,1121,即使如此也要努力
100002_8,6,1122,你在做什么～现在还在上课哦～？
100002_8,6,1123,……那是我要说的话
100002_8,6,1124,玲奈子，你很叛逆呢
100002_8,6,1125,不过，要讲悄悄话的话，上课时间正好。我在走廊上看到你，就追过来了
100002_8,6,1126,上次谢谢你了
100002_8,6,1127,……上次？
100002_8,6,1128,我家的公主殿下心情好多了
100002_8,6,1129,啊，嗯……
100002_8,6,1130,小耀子，『皮卡利斯
100002_8,6,1131,是我家征信社的名字
100002_8,6,1132,征信社……
100002_8,6,1133,也就是所谓的『侦探
100002_8,6,1134,……我，一直把小耀子当作朋友。但是……你是为了调查我才接近我的，是这样吗？
100002_8,6,1135,一开始是这样。
100002_8,6,1136,其实像这样对调查对象说这些，从保密义务的角度来说是不应该的，不过算了。毕竟我已经不当侦探了。
100002_8,6,1137,……不当了？
100002_8,6,1138,嗯。这个月，玫瑰皇后家的公主和她的未婚夫要举办订婚仪式。所以，我的委托已经达成了。报酬也汇进来了，债务也还清了。我终于恢复自由之身了。
100002_8,6,1139,订婚仪式……
100002_8,6,1140,是说，债务，是指……
100002_8,6,1141,我啊，最讨厌那种得天独厚的人了。
100002_8,6,1142,我受玫瑰皇后之托调查玲奈子的身边情况，但调查得越多就越生气。王冢真唯，濑名紫阳花，琴纱月，小柳香穗。你把这四个人玩弄于股掌之间，是个坏女人。没有人会喜欢这样的吧。
100002_8,6,1143,但是啊。
100002_8,6,1144,认识你之后，就觉得，玲奈子或许也不是那么讨人厌的家伙吧。
100002_8,6,1145,……
100002_8,6,1146,露西小姐的事也是，虽然你一脸不情愿，但还是接受了。我开始觉得，你是不是只是个无法拒绝的女人？
100002_8,6,1147,什么啊……
100002_8,6,1148,毕竟你给人一种只要我推一下就会倒下的感觉。
100002_8,6,1149,那，那是！我觉得你做得太过火了！
100002_8,6,1150,做了那种事的人，你还能把她当成朋友，真是心胸宽广啊——
100002_8,6,1151,你是故意的吗……！？
100002_8,6,1152,玲奈子，你只是单纯喜欢女人吧？
100002_8,6,1153,不——是——！
100002_8,6,1154,所以，现在硬要说的话，应该是偏向喜欢吧
100002_8,6,1155,……哼——
100002_8,6,1156,啊——你不相信吗——？
100002_8,6,1157,因为你一直都在骗我……
100002_8,6,1158,那么
100002_8,6,1159,如果我吻你，你会相信吗？
100002_8,6,1160,等——
100002_8,6,1161,啊哈哈哈哈
100002_8,6,1162,什么啊！？喜欢女人的是小耀子吧！？
100002_8,6,1163,啊～真好笑。
100002_8,6,1164,别这样啦……！这样我的对象不就又要增加了……！
100002_8,6,1165,四个人的话是犯罪，但两千人的话就是唐・乔望尼了。
100002_8,6,1166,我才不会以那种人为目标啦！
100002_8,6,1167,琴纱月。
100002_8,6,1168,……咦？
100002_8,6,1169,事到如今，我就告诉你吧。一切都在那家伙的掌握之中。
100002_8,6,1170,纱月同学为什么……？
100002_8,6,1171,玫瑰皇后公主的交往对象是个不诚实的女人，我与琴纱月收到这样的报告后，就被女王大人叫了过去。从那时开始，就展开了让公主殿下与玲奈子分手的计划。
100002_8,6,1172,…………咦？
100002_8,6,1173,琴纱月她，有着某种不正经的目的。
100002_8,6,1174,……那是什么？
100002_8,6,1175,天晓得？
100002_8,6,1176,呃！
100002_8,6,1177,那个人在想什么，我完全搞不懂。比玲奈子还要难懂。
100002_8,6,1178,可是，那真唯呢……？
100002_8,6,1179,谁知道呢。那个人是不是也被骗了呢？
100002_8,6,1180,因为纱月同学是我无可替代的朋友！是互相认可的挚友！可是，怎么会！她居然骗了我们！
100002_8,6,1181,你觉得她绝对不会做这种事？
100002_8,6,1182,…………………………………………………………………………………………………………………………………………………………………………………………………………………………………………………………………………………………………………………嗯！
100002_8,6,1183,让我整理一下！
100002_8,6,1184,首先，小耀子是侦探……
100002_8,6,1185,Yes——
100002_8,6,1186,骗了我……。好过分……。好伤心……
100002_8,6,1187,对不起啦？
100002_8,6,1188,我受伤了……。原来所有的温柔都是谎言……。我已经无法相信人类了……。还以为好不容易能和你成为朋友……。今后我只能过着怀疑所有新认识的人的人生，担心他们会不会是侦探，为了接近我而接近我……。都是小耀子的错……希望你能为我的人生负责……
100002_8,6,1189,我的台词也太长了吧！够了！
100002_8,6,1190,然、然后，真唯的妈妈她们误以为我『脚踏四只船
100002_8,6,1191,咦？是误会吗？
100002_8,6,1192,都是小耀子害的才会被误会！其实完全不是这样，是脚踏四只船（怒）
100002_8,6,1193,结果，真唯的母亲不希望她和这么过分的女人交往，于是对小耀子和纱月同学下达了『让我和真唯分手
100002_8,6,1194,Yes——
100002_8,6,1195,小耀子之所以会接近我并试图说服我，还有在浴室咬我的脖子，都不是在跟我嬉闹，而是所谓的美人计……为了抓住我出轨的证据……果然会让人变得不信任人类……责任……责任……
100002_8,6,1196,吵死了！那只是工作啦！
100002_8,6,1197,然后，纱月同学她自己也为了让我和真唯分手，采取了别的方法。至于她做了什么，小耀子并不清楚……是这样对吧？
100002_8,6,1198,Yes——
100002_8,6,1199,纱月同学，到底在做什么……
100002_8,6,1200,说实话，她看起来也不像是为了钱在工作呢。
100002_8,7,1201,也和我交往吧，甘织。
100002_8,7,1202,为什么要做那种事，我不想说，但这就是我的回答。以上。
100002_8,7,1203,……纱月同学，想要恋人吗？
100002_8,7,1204,我觉得琴同学不是那么单纯的人。
100002_8,7,1205,嗯……
100002_8,7,1206,会成为一个好妻子
100002_8,7,1207,那么，纱月同学的目的……
100002_8,7,1208,——既然这样，就去问她啊！
100002_8,7,1209,啊，紫阳花同学！？
100002_8,7,1210,哎呀。
100002_8,7,1211,是的！我是濑名紫阳花！
100002_8,7,1212,去问纱月同学啊！就说『你已经全部被看穿了！
100002_8,7,1213,濑名同学，你是不是变了个人？
100002_8,7,1214,没有！因为我一直对纱月同学感到很不爽！
100002_8,7,1215,是、是这样吗？
100002_8,7,1216,就是这样！
100002_8,7,1217,是说，现在还在上课……
100002_8,7,1218,小玲奈还不是跷课了！
100002_8,7,1219,这样啊……是我害你跷课的呢，对不起……
100002_8,7,1220,啊，不会，没关系的。因为我很担心小玲奈……欸嘿嘿……
100002_8,7,1221,嗯，所以！去把纱月同学抓过来，问她！
100002_8,7,1222,哦、哦……
100002_8,7,1223,那些全都是骗人的
100002_8,7,1224,嗯！我明白了，紫阳花同学！
100002_8,7,1225,只要有紫阳花同学在，或许所有的问题都能解决！
100002_8,7,1226,我会加油的！
100002_8,7,1227,纱月同学也会哭着道歉，当场自首的！不愧是紫阳花同学！
100002_8,7,1228,我、我会加油的！
100002_8,7,1229,上吧，紫阳花同学！打倒万恶的根源，支配世界所有黑暗的琴纱月吧！现在正是名留传说的时候，紫阳花同学！
100002_8,7,1230,当然了，小玲奈！全都交给我吧！
100002_8,7,1231,那个～
100002_8,7,1232,顺便问一下，濑名同学是从哪里开始听的？
100002_8,7,1233,呃……从纱月为了拆散真唯和小玲奈，又采取了别的方法，但是照泽同学也不知道她具体在做什么～这里开始吧
100002_8,7,1234,啊，从那里开始的吗……
100002_8,7,1235,啊，太好了。那我向玲奈子说『要我吻你吗？
100002_8,7,1236,咦！？
100002_8,7,1237,小耀子！？
100002_8,7,1238,啊哈哈哈哈
100002_8,7,1239,开玩笑的啦。我可不想再继续深陷泥沼，那太麻烦了。从今往后，我要为了自己，悠然自得地度过自己的人生。
100002_8,7,1240,不，不是的，紫阳花同学……其实小耀子也是为了让我和真唯分手而接近我的刺客之一……！
100002_8,7,1241,所以！一起进狭窄的浴室，用手帮我洗身体，还有咬我的脖子，都是那种美人计！并不是因为小耀子喜欢我，才做出那种事的！
100002_8,7,1242,小玲奈！？
100002_8,7,1243,嗯，大致上是这样没错。
100002_8,7,1244,至少，我觉得玲奈子的身体还不错。肉肉的，胸部也很大。下次有机会的话再一起洗吧♡
100002_8,7,1245,对不起！不行！
100002_8,7,1246,纱月会来吗？
100002_8,7,1247,没、没问题的，一定。
100002_8,7,1248,其实这间神社对纱月同学来说，是充满回忆的地方。
100002_8,7,1249,是这样吗？
100002_8,7,1250,嗯。这里好像是她第一次和真唯成为挚友的地方。所以她肯定认为，既然被叫到这里，就代表有什么特别的事情，应该会来的。
100002_8,7,1251,这样啊～
100002_8,7,1252,小玲奈，你对我不了解的纱月同学的事情知道得真清楚呢。
100002_8,7,1253,咦！？
100002_8,7,1254,果、果然，这个季节，外面很冷呢。
100002_8,7,1255,是啊～
100002_8,7,1256,真是的……
100002_8,7,1257,我也是很忙的。你每次都叫我出来，我很为难啊——
100002_8,7,1258,……濑名？
100002_8,7,1259,纱月酱，谢谢你愿意过来
100002_8,7,1260,呜呜，对不起濑名……我唯独不想被你讨厌，所以我会坦白一切的。我的目的其实是——
100002_8,7,1261,我要回去了
100002_8,7,1262,咦！？
100002_8,7,1263,等、等一下，纱月同学！我有话要说！有很重要的事情要跟你说！
100002_8,7,1264,是吗。我可没有。再见了
100002_8,7,1265,等等，纱月酱！
100002_8,7,1266,纱月同学在做的事情，全部都暴露了！
100002_8,7,1267,为什么啊！？喂，纱月同学！？
100002_8,7,1268,吵死了
100002_8,7,1269,是因为紫阳花同学在吗！？是这样吧！？因为纱月同学总是只对紫阳花同学温柔！你是那种不会打必输之仗的人吗！？
100002_8,7,1270,给我闭嘴
100002_8,7,1271,话说就算你逃走，总有一天也会被抓到的哦！？说到底，我可是知道纱月同学的家在哪里的！既然如此，你逃走不就没有意义了吗！？你还是早点认——
100002_8,7,1272,太没节操了！
100002_8,7,1273,等、等一下啊！
100002_8,7,1274,等一下！
100002_8,7,1275,啊，紫阳花同学！？
100002_8,7,1276,我们追上去，小玲奈！
100002_8,7,1277,为什么！？
100002_8,7,1278,我就是不想！
100002_8,7,1279,这样啊——！
100002_8,7,1280,纱月！
100002_8,7,1281,不要逃！让我听听纱月酱的真心话！
100002_8,7,1282,我才没有什么真心话！
100002_8,7,1283,你在想什么啊！？
100002_8,7,1284,唔！无聊的事情！
100002_8,7,1285,紫阳花同学！这招大概有效！
100002_8,7,1286,嗯……！
100002_8,7,1287,我讨厌那样！
100002_8,7,1288,当纱月酱说『这是为了我
100002_8,7,1289,为什么要做到这种地步？
100002_8,7,1290,就算你为了我，甚至不惜对家人撒谎，我也一点都不高兴！
100002_8,7,1291,既然如此！
100002_8,7,1292,那就说明你对我的感情只有这种程度！濑名，我误会你了！
100002_8,7,1293,不是的！但是一定还有其他方法！一定有能让纱月同学明白的方法！
100002_8,7,1294,只是嘴上说说，谁都会！甘织也一样！
100002_8,7,1295,纱月同学，你错了！
100002_8,7,1296,——！
100002_8,7,1297,你这个——笨女人！
100002_8,7,1298,什么！？
100002_8,7,1299,纱月！你很讨厌耶！
100002_8,7,1300,什么嘛……！你毒舌的词汇量也太贫乏了吧！
100002_8,7,1301,因为纱月很讨厌啊！
100002_8,7,1302,笨女人！顽固！伪善者！我一直以来都很讨厌你这种地方！
100002_8,7,1303,紫阳花同学，那是骗人的！纱月同学一直都很喜欢紫阳花同学的哦！？
100002_8,7,1304,纱月！纱月你喜欢真唯吗！？
100002_8,7,1305,……！
100002_8,7,1306,还是说，你喜欢小玲奈！？所以才做这种事！？
100002_8,7,1307,咦咦！？
100002_8,7,1308,让我好好听听，纱月自己的话！
100002_8,7,1309,呀！
100002_8,7,1310,哇！？
100002_8,7,1311,小玲奈……纱月就……！
100002_8,7,1312,纱月同学！
100002_8,7,1313,……！
100002_8,7,1314,纱月同学！
100002_8,7,1315,……！
100002_8,7,1316,哈啊，哈啊，哈啊…………终于，终于抓住你了，纱月同学……
100002_8,7,1317,这样就能休息了！
100002_8,7,1318,嘿
100002_8,7,1319,…………
100002_8,7,1320,纱，纱月同学，那个，
100002_8,7,1321,……你居然………………
100002_8,7,1322,噫
100002_8,7,1323,甘织，你居然把濑名……带到我面前来………………
100002_8,7,1324,纱月同学，你到底想做什么啊！
100002_8,7,1325,那种事！我也不知道啊！
100002_8,7,1326,这样不是不负责任吗！？你都当上真唯的未婚夫了！
100002_8,7,1327,有什么关系！她本人也很开心啊！
100002_8,7,1328,唆使我去找花取小姐的也是纱月同学对吧！？
100002_8,7,1329,我只是告诉她事实而已！
100002_8,7,1330,谁脚踏四只船啊！你明明知道是捏造的！
100002_8,7,1331,脚踏两只船和四只船都一样啦！
100002_8,7,1332,又说一次！
100002_8,7,1333,——纱月同学，你喜欢我吗！？
100002_8,7,1334,我——
100002_8,7,1335,不会喜欢上任何人。
100002_8,7,1336,既然这样……
100002_8,7,1337,为什么，你在哭呢？
100002_8,7,1338,……啥？
100002_8,7,1339,有什么关系嘛！就算纱月同学恋爱了！那又没什么好奇怪的！因为纱月同学也是个非常可爱的女孩子啊！
100002_8,7,1340,——
100002_8,7,1341,如果是我不好，我会道歉的！如果纱月同学其实喜欢真唯喜欢得不得了，那就不要用这种做法！应该更坦率地从告白开始才对啊！然后，那个，虽然要四个人交往可能有点困难！但是，我也会努力让事情顺利收场的！所以！所以，先让我听听纱月同学真正的心意——
100002_8,7,1342,……给我闭嘴。
100002_8,7,1343,是谁，喜欢谁，这种事真的，很无聊……
100002_8,7,1344,我不会恋爱的。因为那种事，只是在浪费人生。真唯、甘织、濑名，你们大家都是错的。这世上的家伙，全都是错的。我会证明这一点。恋爱什么的很无聊。恋爱什么的，只会掠夺。恋爱什么的，死了最好。
100002_8,7,1345,纱、纱月同学……
100002_8,7,1346,圣诞节的订婚仪式。
100002_8,7,1347,咦、咦……
100002_8,7,1348,如果你没办法在那天之前阻止我，真唯就是我的了。那家伙到头来，还是没办法舍弃重要的东西。比起恋爱，自己有更应该去守护、更重要的东西。没错，她选择了这个。
100002_8,7,1349,你就尽管挣扎吧。甘织玲奈子。如果你不想放弃那份『恋爱
100002_8,7,1350,未婚夫
100002_8,7,1351,从今以后，你每晚都要一边感谢我一边睡觉哦～～～？
100002_8,7,1352,自己不会恋爱
100002_8,7,1353,……我明白了。纱月同学。
100002_8,7,1354,我要阻止纱月同学
100002_8,7,1355,阻止我试试
100002_8,7,1356,我要去见她。然后，把一切都坦白，让她认同我
100002_8,7,1357,我要去见真唯的母亲——王冢琉音！
100002_8,7,1358,嗯……妈妈。
100002_8,7,1359,纱月？
100002_8,7,1360,没什么
100002_8,7,1361,初次见面，我是王冢真唯。还请多多指教。
100002_8,7,1362,就是这样，可以如期顺利举办。
100002_8,7,1363,……是吗？
100002_8,7,1364,你动作还真快呢，花取。
100002_8,7,1365,咦？嗯，是啊。
100002_8,7,1366,明明连真唯和纱月同学的婚约，你都那么反对。
100002_8,7,1367,那个恋人配不上真唯
100002_8,7,1368,……因为我已经知道，我错了。
100002_8,7,1369,琉音大人，您已经全部都知道了吧。所以才会在这个时机，把征信社的调查结果交给我吧？
100002_8,7,1370,暗淡的炭色。
100002_8,7,1371,第一次见到那女孩时的感想，是路边的石头。与用光辉照亮世界的真唯完全不相称的存在。没想到她居然会把事情搅和到这种地步。不管怎样……这样一来，总算能喘口气了。
100002_8,7,1372,……是啊。
100002_8,7,1373,她还是第一次打过来呢。
100002_8,7,1374,也就是说……？
100002_8,7,1375,嗯，是我。好久不见。
100002_8,7,1376,真唯的母亲，好久不见。
100002_8,7,1377,我有件事无论如何都想和您说。
100002_8,7,1378,恐怖，截稿日真的每天都会来！　动画化纪念！　恋人不行3个月连续刊行活动
100002_8,7,1379,这次铺开的剧情在后篇会全部回收的，相信我！
100002_8,7,1380,这次铺开的剧情在后篇会全部回收，也会有结局的，相信我！
100002_8,7,1381,＃恋人不行动画后记
100002_8,7,1382,玲奈子不会做饭，只会用饭锅
100002_8,7,1383,这样比较有趣
100002_8,7,1384,琴纱月的故事
100002_8,7,1385,琴纱月的故事
