text_id,realvolume
1819_63214,第一卷
1819_65557,第二卷
1819_68669,第三卷
1819_74151,第四卷
1819_74187,第五卷
1819_80022,第六卷
1610_54619,第一卷
1610_61794,第二卷
1610_62011,第三卷
1610_74433,第四卷
1610_74947,第五卷
1610_78156,第六卷
1610_80029,第七卷
3078_126726,第一卷
3078_126855,第三卷
1698_57756,第一卷
3833_159575,第一卷
3894_162181,第一卷
3723_155603,第一卷
1021_29936,第一卷
3780_157613,第一卷
3249_134644,第一卷
3784_157680,第一卷
2689_104058,第一卷
2828_112677,第一卷
2468_92542,第一卷
2468_98528,第二卷
2468_114697,第三卷
2468_114701,第四卷
2468_115960,第五卷
2468_122234,第六卷
2468_129551,第七卷
2468_144039,第八卷
2468_160019,第九卷
3375_138681,第一卷
1642_55559,第一卷
2431_90434,第一卷
1966_69040,第一卷
1966_73874,第二卷
1966_75787,第三卷
1966_77579,第四卷
2306_84905,第一卷
2306_98863,第二卷
2306_98864,第三卷
208_8558,第一卷
208_8571,第三卷
208_8577,第四卷
1609_54583,第一卷
1609_61847,第二卷
3250_134718,第一卷
806_21516,第一卷
2997_122164,第一卷
2997_125114,第二卷
401_14946,第一卷
401_19786,第二卷
401_27844,第三卷
349_12158,第一卷
2734_106844,第一卷
2734_119201,第二卷
2734_138209,第三卷
2464_92235,第一卷
1414_46255,第一卷
1414_71258,第二卷
1414_104755,第四卷
1414_104765,第五卷
1414_108917,第六卷
1414_119795,第七卷
1414_122955,第八卷
1414_123397,第九卷
2471_92679,第一卷
2471_95234,第二卷
2471_101712,第2.5卷
2471_101717,第三卷
2471_107289,第四卷
2471_111398,第五卷
2131_77090,第一卷
2131_82072,第二卷
343_12044,第一卷
343_17953,第二卷
343_17955,第三卷
3507_145453,第一卷
3802_158308,第一卷
2963_119968,第一卷
2496_93457,第一卷
3693_154379,第一卷
298_10595,第一卷
298_10601,第二卷
298_17775,第三卷
298_20499,第四卷
583_18786,第一卷
2659_102498,第一卷
301_10869,第一卷
301_10871,第二卷
301_10884,第三卷
301_17145,第四卷
301_18174,第五卷
301_29966,第六卷
3251_134735,第一卷
1868_65575,第一卷
1868_67542,第二卷
1868_73585,第三卷
1868_124370,第四卷
1868_132065,第五卷
1868_132354,第六卷
2756_108273,第一卷
2756_112633,第二卷
2756_118972,第三卷
2756_127015,第四卷
2756_135147,第五卷
2756_143520,第六卷
2756_145929,第七卷
2756_159532,第八卷
2756_167146,第九卷
2451_91489,第一卷
2451_94926,第二卷
2451_116164,第三卷
2451_137549,第四卷
2451_164214,第五卷
3639_152497,第一卷
1674_56782,第一卷
2845_114050,第一卷
2845_114071,第二卷
3017_123358,第一卷
3017_123436,第二卷
2300_84761,第一卷
1601_54275,第一卷
3755_156737,第一卷
4026_166703,第一卷
643_19288,第一卷
3962_164246,第一卷
3505_145386,第一卷
531_18333,第一卷
531_29813,第二卷
531_32910,第三卷
531_65127,第四卷
531_65397,第五卷
531_65764,第六卷
531_66734,第七卷
531_66888,第八卷
4014_166308,第一卷
1845_64615,第一卷
1845_66108,第二卷
1020_29857,第一卷
2751_107817,第一卷
2751_118989,第二卷
2751_122070,第三卷
2751_125697,第四卷
2751_141461,第五卷
2751_148354,第六卷
2751_159480,第七卷
3754_156707,第一卷
3872_161210,第一卷
3872_161224,第二卷
3137_130256,第一卷
3137_134707,第二卷
3137_138391,第三卷
3137_143296,第四卷
3137_146794,第五卷
3137_148607,第六卷
3137_154919,第八卷
2768_109073,第一卷
2768_116454,第二卷
2788_110290,第一卷
3735_156030,第一卷
3735_157496,第二卷
3735_163651,第三卷
2792_110406,第一卷
2792_115084,第二卷
2792_118848,第三卷
2792_124189,第四卷
2792_126100,第五卷
2792_127183,第六卷
2792_135838,第七卷
2792_137995,第八卷
2792_139843,第九卷
2792_142600,第十卷
2792_144990,第十一卷
2792_148556,第十二卷
499_18026,第一卷
2685_103754,第一卷
2685_112425,第二卷
2685_151310,第三卷
1833_63846,第一卷
519_18195,第一卷
3716_155275,第一卷
3716_155281,第二卷
3810_158494,第一卷
3810_158675,第二卷
82_4714,第三卷
82_4724,第四卷
82_19479,第五卷
82_36615,第六卷
1643_55576,第一卷
255_9660,第二卷
255_9668,第三卷
255_9671,第四卷
255_9675,第五卷
255_19141,第六卷
255_9682,第七卷
255_9687,第八卷
255_9691,第九卷
255_9697,第十卷
255_19142,第十一卷
255_9698,第十二卷
255_9707,第十三卷
255_17548,第十四卷
255_20343,第十五卷
255_25495,第十七卷
255_25950,第十八卷
255_29646,第十九卷
255_28845,第二十卷
255_30182,第二十一卷
255_33415,第二十二卷
255_33423,第二十三卷
255_35187,第二十四卷
255_37585,第二十六卷
255_39740,第二十八卷
255_25499,第二十九卷
255_44280,第三十卷
255_46532,第三十一卷
255_48951,第三十二卷
255_50050,第三十三卷
255_63937,第三十四卷
255_63938,第三十五卷
255_134554,第三十六卷
667_19434,第一卷
3667_153600,第一卷
3413_140732,第一卷
2680_103564,第一卷
2773_109485,第一卷
2480_92985,第一卷
2480_94848,第二卷
2480_99015,第三卷
2480_101626,第四卷
2480_103680,第五卷
2480_107832,第六卷
2480_112484,第七卷
2480_118171,第八卷
2480_118201,第九卷
2480_121049,第十卷
2480_126644,第十一卷
2480_128696,第十二卷
2480_130152,第十三卷
2480_135650,第十四卷
2480_141087,第十五卷
2480_150421,第十六卷
2480_165620,第十七卷
2543_96323,第一卷
2905_117172,第一卷
2855_114552,第一卷
452_16680,第一卷
452_19357,第二卷
452_26034,第三卷
657_19396,第一卷
1215_37600,第一卷
1215_45500,第二卷
1215_50634,第三卷
1215_53513,第四卷
1215_59762,第五卷
1215_69536,第六卷
1215_112296,第七卷
972_28272,第一卷
2920_117810,第一卷
3275_135628,第一卷
677_19543,第一卷
677_43406,第二卷
3585_149565,第一卷
3585_152730,第二卷
3585_156877,第三卷
3585_162175,第四卷
4043_167174,第一卷
203_8499,第一卷
203_19475,第二卷
3817_158891,第一卷
3406_140173,第一卷
1990_70386,第一卷
1990_70731,第二卷
1990_85340,第三卷
1990_86235,第四卷
1990_89877,第五卷
1990_89890,第六卷
1990_91522,第七卷
1990_113126,第八卷
1990_116250,第九卷
1990_134304,第十卷
1990_142308,第十一卷
1990_147036,第十二卷
1990_150239,第十三卷
2235_81534,第一卷
2235_90022,第二卷
1677_56909,第一卷
1677_56910,第二卷
3763_157110,第一卷
3763_161237,第二卷
3763_164862,第三卷
1156_35334,第一卷
3316_136794,第一卷
3560_148430,第一卷
952_27674,第一卷
952_27685,第二卷
3963_164265,第一卷
3056_125389,第一卷
3056_130465,第二卷
2482_93118,第一卷
2482_97409,第二卷
2482_106168,第三卷
3625_151723,第一卷
3625_161235,第二卷
655_19379,第一卷
655_19381,第二卷
929_26654,第一卷
1683_57157,第一卷
1683_72353,第二卷
1683_72363,第三卷
1683_72396,第四卷
1683_72409,第五卷
1683_81033,第六卷
1683_81043,第七卷
1683_99285,第八卷
1683_115965,第九卷
1683_125053,第十卷
1683_139072,第十一卷
1683_159554,第十二卷
1255_39335,第一卷
1255_51028,第二卷
2152_77900,第一卷
2152_79067,第二卷
2152_80684,第三卷
2152_82625,第四卷
2152_86579,第五卷
2152_89132,第六卷
2152_92927,第七卷
2152_97205,第八卷
2152_106047,第九卷
2152_109918,第十卷
2152_112870,第十一卷
2152_114477,第11.5卷
2152_115107,第十二卷
2152_117475,第十三卷
2152_119565,第十四卷
2152_128293,第十五卷
2152_131798,第十六卷
2152_137195,第十七卷
2152_139562,第十八卷
2152_145859,第十九卷
2152_159173,第二十卷
1729_58906,第一卷
1729_68779,第二卷
3412_140718,第一卷
3332_137255,第一卷
3332_138097,第二卷
3332_141320,第三卷
1751_59858,第一卷
2291_84182,第一卷
2418_89871,第一卷
2441_91100,第一卷
2441_91746,第二卷
2441_94749,第三卷
2441_98122,第四卷
2441_103769,第五卷
2441_106148,第六卷
2441_111561,第七卷
2441_113367,第八卷
2441_116433,第九卷
2441_119910,第十卷
2441_125778,第十一卷
2441_130740,第十二卷
2441_140313,第十三卷
2441_147727,第十四卷
2441_150529,第十五卷
2367_87720,第一卷
2367_87736,第二卷
2367_90830,第三卷
2367_93911,第四卷
2367_97745,第五卷
2367_109978,第六卷
2367_117201,第七卷
2367_128760,第八卷
3294_136178,第一卷
1091_32943,第一卷
1091_34133,第二卷
1091_35467,第三卷
3128_129602,第一卷
3128_130682,第二卷
3128_142015,第三卷
3964_164338,第一卷
3964_164352,第二卷
2258_82574,第一卷
2258_86246,第二卷
2258_86255,第三卷
2258_164542,第四卷
2258_164551,第五卷
2258_164560,第六卷
2258_164661,第七卷
2258_164670,第八卷
3269_135382,第一卷
2661_102547,第一卷
894_24103,第一卷
2492_93410,第一卷
3986_165240,第一卷
2138_77304,第一卷
2138_81005,第二卷
2138_86516,第三卷
2138_90034,第四卷
915_25331,第一卷
2635_101053,第一卷
2635_104245,第二卷
2635_137533,第三卷
2635_139773,第四卷
2635_145272,第五卷
391_14748,第一卷
391_14750,第二卷
3862_160792,第一卷
3386_139167,第一卷
3590_149859,第一卷
3590_152213,第二卷
2896_116723,第一卷
2896_116915,第二卷
2896_117063,第三卷
2896_117226,第四卷
2896_127444,第五卷
2896_149574,第六卷
2896_154846,第七卷
3816_158814,第一卷
3525_146329,第一卷
149_7019,第一卷
149_7020,第二卷
149_7021,第三卷
149_7022,第四卷
149_12765,第五卷
149_13629,第六卷
149_20210,第七卷
149_26295,第八卷
149_30340,第九卷
149_30348,第十卷
2438_90975,第一卷
2438_91540,第二卷
3759_157035,第一卷
3759_157046,第二卷
3101_128204,第一卷
3101_138803,第二卷
3101_140562,第三卷
3101_142267,第四卷
3101_143932,第五卷
3101_145494,第六卷
3101_147434,第七卷
3542_147412,第一卷
3542_157192,第二卷
3542_159751,第三卷
143_6832,第一卷
3519_145969,第一卷
3519_146347,第二卷
3519_148571,第三卷
3519_153113,第四卷
3519_157441,第五卷
3519_160917,第六卷
3519_166567,第七卷
3432_141806,第一卷
3432_144006,第二卷
3432_152034,第三卷
3703_154789,第一卷
2541_96151,第一卷
2541_105416,第二卷
2541_113502,第三卷
2541_113625,第四卷
3653_152923,第一卷
3653_153450,第二卷
3653_157261,第三卷
3854_160445,第一卷
3665_153545,第一卷
2537_95891,第一卷
2537_96842,第二卷
2537_98074,第三卷
2537_101028,第四卷
2537_102384,第五卷
2537_103870,第六卷
2537_108380,第七卷
2537_110844,第八卷
2537_113003,第九卷
2537_115466,第十卷
2537_117392,第十一卷
2537_119239,第十二卷
2537_120402,第十三卷
2537_127655,第十四卷
2537_129737,第十五卷
2537_133737,第十六卷
2537_139683,第十七卷
2537_149682,第十八卷
2537_157350,第十九卷
2537_165372,第二十卷
2537_167254,第二十一卷
3785_157738,第一卷
2314_85321,第一卷
2314_91290,第二卷
2314_91365,第三卷
2314_97462,第四卷
577_18765,第一卷
577_23778,第三卷
2562_97163,第一卷
3800_158285,第一卷
2895_116710,第一卷
2895_116842,第二卷
2895_117002,第三卷
2895_118770,第四卷
2895_122477,第五卷
2895_134661,第六卷
2895_150951,第七卷
2895_153172,第八卷
2895_159563,第九卷
2895_164223,第十卷
3232_133919,第一卷
3547_147740,第一卷
3547_149476,第二卷
3280_135793,第一卷
3998_165601,第一卷
60_3450,第一卷
3295_136188,第一卷
3295_136200,第二卷
3097_128077,第一卷
3097_128114,第二卷
2255_82490,第一卷
2255_87549,第二卷
2255_91205,第三卷
2255_94086,第四卷
2255_97803,第五卷
2255_98786,第六卷
2255_100338,第七卷
2255_100339,第八卷
2255_102172,第九卷
2255_104473,第十卷
2255_104788,第十一卷
2255_110452,第十二卷
2255_110545,第十三卷
2255_114032,第十四卷
2255_120784,第十五卷
2255_120785,第十六卷
2255_129283,第十七卷
2255_142921,第十八卷
2255_144017,第十九卷
2255_149789,第二十卷
2255_154587,第二十一卷
2255_160649,第二十二卷
2255_165709,第二十三卷
3558_148375,第一卷
3558_151754,第二卷
3558_157333,第三卷
3558_165280,第四卷
2945_118999,第一卷
3210_132833,第一卷
3210_137424,第二卷
3210_142152,第三卷
3210_161286,第四卷
3210_166202,第五卷
3961_164203,第一卷
3961_164825,第二卷
1577_52891,第一卷
1577_62172,第二卷
1577_78877,第三卷
4040_167040,第一卷
3863_160807,第一卷
3611_150752,第一卷
3611_155043,第二卷
3611_163958,第三卷
2099_75597,第一卷
2818_111814,第一卷
2818_125018,第二卷
2818_127341,第三卷
2818_130995,第四卷
595_18889,第一卷
595_18891,第二卷
3866_160899,第一卷
3866_166204,第二卷
2812_111584,第一卷
3089_127556,第一卷
3917_163022,第一卷
3885_161743,第一卷
3885_162177,第二卷
3885_164577,第三卷
3885_164584,第四卷
2410_89519,第一卷
2410_97497,第二卷
2410_110426,第四卷
2651_102068,第一卷
2651_103266,第二卷
2651_118252,第三卷
2651_128686,第四卷
2651_129358,第五卷
2651_131330,第六卷
2651_145445,第七卷
