text_id,block_id,line_id,sentence
100002_8,1,10,这样一来，每天早上对着镜子说的仪式也不需要了。
100002_8,1,11,妹妹的问题也顺利解决，人生一帆风顺。
100002_8,1,20,"就这样——
　在我眼前，是一片爱与希望的草原。"
100002_8,1,22,我上的芦谷高中，响起了热闹的声音。
100002_8,1,26,解决了妹妹问题的阳光角色的我，和同学们在这两周里，快乐地准备着文化祭。
100002_8,1,32,不管到哪里都被当成公主一样对待，和学校里所有人都成了朋友！
100002_8,1,33,每天都有人向我告白，鞋柜里总是塞满了情书，老师也超疼爱我，度过了最棒的三年！
100002_8,1,34,不对……把过去当成不存在，不是把对自己有利的妄想当成真实……那是心理疾病……。
100002_8,1,35,在教室前的走廊上，我差点就要回过神来。
100002_8,1,38,在那里的是，总是对我献殷勤的甘织玲奈子的粉丝女孩，也是我最好的朋友，平野同学和长谷川同学。
100002_8,1,39,沐浴在两人闪闪发光的视线中，我微微一笑。
100002_8,1,42,说是cosplay，但并不是之前和小香穗一起玩的那种正式的cosplay。
100002_8,1,45,是现在很少见的cosplay用设计。
100002_8,1,49,裤袜无论何时都是女高中生的保险带……。
100002_8,1,50,顺便一提，护士服上到处都是血迹，营造出一种危险的氛围。
100002_8,1,51,要是有这种护士来检查，谁都会在医院的评论网站上写，然后给一颗星吧。
100002_8,1,55,如果我有阳角过敏症的话，接下来80年都会打喷嚏打个不停，但我！
100002_8,1,61,据说这间教室里，会出现因为三角关系而被刺死的女孩子的幽灵。
100002_8,1,62,我一瞬间产生了的想法，但好像是虚构的。
100002_8,1,63,如果是真实事件的话，那还得了。
100002_8,1,64,准备的过程，其实还挺开心的……。
100002_8,1,65,在窗户上贴上铝箔遮住光线，把黑色塑料袋缠在日光灯上，确保有不危险的照明。
100002_8,1,66,然后用纸箱堆成墙壁，把教室变成迷宫，同时在上面贴上大量的报纸。
100002_8,1,67,在报纸上印上鲜红的手印，就营造出了鬼屋常见的氛围。
100002_8,1,70,虽然很有文化祭的风格，但作为从头开始制作的我，还是相当满足的。
100002_8,1,72,啊啊，我们的鬼屋……文化祭结束之后就要拆了，好寂寞……好想就这么上课……不，我也不想。
100002_8,1,73,综上所述，我cos了浑身是血的护士。
100002_8,1,74,不，仔细想想，幽灵教室里有护士，世界观也太奇怪了……不过算了！
100002_8,1,79,平野同学和长谷川同学的赞美之词，沁入了我的心田……。
100002_8,1,80,虽然cos服是现成的，但小香穗悄悄地帮我修改了一下，所以我觉得看起来还是挺不错的。
100002_8,1,81,化妆也是，之前紫阳花同学教过我，所以多了一手。
100002_8,1,82,我可能真的变成阳角了…………。
100002_8,1,83,现在也是，就算像这样站在教室前的走廊上做鬼屋的接待员，也不太在意别人的眼光。
100002_8,1,84,虽然路过的人会盯着我看，但我完全能忍受。
100002_8,1,85,不过，被不认识的人搭话还是会紧张的。
100002_8,1,86,但是，只是紧张而已，对我来说是难以估量的进步。
100002_8,1,87,甘织玲奈子，等级提升太多了……。
100002_8,1,90,眼前站着一个穿着陌生校服的小女孩。
100002_8,1,91,她就像面对着一只过于巨大的狗一样，畏缩着往后退了三步，用胆怯的眼神看着这边。
100002_8,1,94,被称作西山的女孩子，似乎完全失去了理智。
100002_8,1,96,平野同学和长谷川同学把其他学校的朋友叫来了文化祭。
100002_8,1,97,然后在向对方炫耀我的存在……！
100002_8,1,98,第一次看到平野同学和长谷川同学的这一面，我产生了强烈的共鸣。
100002_8,1,99,如果我站在同样的立场，也绝对会做同样的事吧。
100002_8,1,110,而平野同学和长谷川同学的笑容也变得更加深邃。
100002_8,1,119,现在正是说出那句话的时候……！
100002_8,1,123,我用双手比出V字手势，尽全力露出了微笑。
100002_8,1,128,西山同学被平野同学和长谷川同学牢牢抓住双臂，就这样被拖走了。
100002_8,1,131,我低头看着自己的双手，就像一个变得过于强大的可悲怪物一样颤抖着。
100002_8,1,135,我转过头去，发现刚才为了宣传鬼屋而踏上发传单之旅的紫阳花同学就在那里。
100002_8,1,136,当然，紫阳花同学也cosplay了。
100002_8,1,141,"jpg

　明明已经看过好几次了，甚至都一起换过衣服，但还是能感受到新鲜的感动。"
100002_8,1,142,好吃的点心不管吃几百次都还是很好吃……。
100002_8,1,143,紫阳花同学穿着黑白单色搭配的服装，戴着类似头纱的头巾
100002_8,1,146,因为只是鬼屋的cosplay，所以裙子果然很短，还开了很深的衩。
100002_8,1,149,我可没有用那种眼光看待紫阳花同学哦！
100002_8,1,153,要是裙子再短个一毫米，就不知道会变成什么样了。
100002_8,1,158,毕竟在紫阳花同学面前，就算是坏人也做不了坏事。
100002_8,1,159,就算是惯犯也一定会痛哭流涕地悔改。
100002_8,1,168,然后用双手比出V字手势，露出了世界上最可爱的笑容。
100002_8,1,169,"哇啊——
　因为太过可爱，我失去了语言能力。"
100002_8,1,173,毕竟人是无法承受天使的笑容从正面直击的……我一定会变成盐柱的……。
100002_8,1,174,不管再怎么习惯被这个笑容灼烧，也不可能习惯的！
100002_8,1,175,就在我胡思乱想的时候，到了换班的时间。
100002_8,1,176,和紫阳花同学换班的我，决定穿着护士服在校内闲逛。
100002_8,1,177,好，我要享受成为阳角后的第一次文化祭！
100002_8,1,183,就算随意地看看展览物，也会感到尴尬。
100002_8,1,184,周围的人都是和朋友一起享受文化祭，而我却是一个人……只有我一个人在世界上孤身一人……。
100002_8,1,185,离开一年A班还不到五分钟，我的精神状态就回到了家里蹲时代。
100002_8,1,186,结果，如果没有朋友的包围，我就什么都做不到……！
100002_8,1,191,加入知名团体，反而让我受到了负面效果。
100002_8,1,192,而且，还穿着这种轻飘飘的衣服……我到底在干什么啊……！
100002_8,1,196,只要能到达天台，总会有办法的。
100002_8,1,198,然后，再若无其事地回到一年A班就行了。
100002_8,1,199,只有和一年A班的大家在一起的时候，我才能成为阳角。
100002_8,2,204,通往天台的楼梯，被从教室里搬出来的大量桌椅堵住了。
100002_8,2,209,也有人是必须去屋顶才能活下去的啊！
100002_8,2,211,就算平时为了防止有人坠楼而禁止进入，把门锁上了！
100002_8,2,215,Queentet也有两种类型。
100002_8,2,216,一种是像紫阳花同学、小香穗以及真唯这样，真的朋友很多，交际圈很广的人。
100002_8,2,217,然后另一种是像纱月同学这样，只和特定的人说话。
100002_8,2,221,我满足于自己在Queentet这个位置上。
100002_8,2,223,这样的话，或许会有人来跟我说话。
100002_8,2,225,就在我快要被挫败感压垮，走在走廊上的时候，一道救赎的声音传了过来。
100002_8,2,226,这个有点嚣张的尖锐声音是……！
100002_8,2,229,星来不是一个人，而是和别人组队。
100002_8,2,233,星来穿着制服，和妹妹还有凑同学在一起。
100002_8,2,235,自从上次闯入梨地家的事件以来，感觉凑同学对我一直很尊敬。
100002_8,2,236,"这孩子真是个好孩子……
　不好的孩子们把我夹在中间。"
100002_8,2,237,"姐姐不喜欢这种带刺的话……
　不过面对妹妹，我还能耍嘴皮子。"
100002_8,2,239,我绕到正准备转身离开的妹妹面前，挺起胸膛。
100002_8,2,241,因为你们这些人生经验不足的初中生太需要照顾了！
100002_8,2,242,星来同学一边用甜腻的声音拉长语尾，一边抱住了我的手臂。
100002_8,2,247,怎么会，这可是我的笑容啊……！
100002_8,2,251,明明我都大喊过好几次那是误会了！
100002_8,2,253,鬼瓦星来同学紧咬着我的话不放。
100002_8,2,256,虽然她有好几次都开心地参加鬼屋的准备，但因为她知道当天没办法来，大家就说安慰她。
100002_8,2,258,她这边好像是病假，但就算她事后说，大家也只会觉得，这就是纱月同学的厉害之处。
100002_8,2,259,星来同学就像没了牙的老虎，沮丧地垂下肩膀。
100002_8,2,264,"夸我了……凑同学真是个好孩子……

　好孩子！"
100002_8,2,272,星来同学一边叫着，一边从鬼屋的出口滚了出来。
100002_8,2,273,星来同学把后背紧紧贴在走廊的墙壁上，捂着胸口。
100002_8,2,275,从鬼屋里出现的女孩子，肚子上竟然插着一把菜刀。
100002_8,2,277,她今天一整天都在鬼屋里待机，负责吓唬客人。
100002_8,2,278,她穿着和芦谷高中的校服不一样的，网购来的水手服，还做了些破损加工，营造出昭和女学生的氛围。
100002_8,2,279,如果只是这样，那单纯就是可爱了，但插在肚子上的菜刀周围沾满了血，相当猎奇。
100002_8,2,280,在黑暗中突然出现的话，应该相当吓人吧。
100002_8,2,281,平时扎起来的头发也放了下来，用刘海遮住了一只眼睛，看上去就像幽灵一样。
100002_8,2,282,据说，这是个脚踏三只船，最后被捅了的女孩子的幽灵。
100002_8,2,283,设定得莫名真实，也是小香穗的讲究之处吧。
100002_8,2,284,虽然感觉我也受到了一些伤害……不过算了。
100002_8,2,285,在星来同学之后，妹妹和凑同学也出来了。
100002_8,2,286,她们两个看到小香穗，也吓了一跳。
100002_8,2,287,嗯，也是……毕竟是超人气cosplayer小香穗亲自制作的cos服。
100002_8,2,291,不过，在阳光下还是美少女更胜一筹。
100002_8,2,296,"jpg


　小香穗看起来是打心底里感到开心。"
100002_8,2,298,小香穗眯起眼睛，像小猫一样笑了。
100002_8,2,301,在接待处的紫阳花同学也过来了。
100002_8,2,302,小香穗满意地笑着，比出了V字手势。
100002_8,2,305,于是，我向初中生们介绍了小香穗和紫阳花同学。
100002_8,2,307,当然，星来小姐和小香穗是认识的
100002_8,2,308,她们俩在妹妹不上学的那件事上帮了我很多。
100002_8,2,309,包括不在这里的真唯和纱月同学在内，对她们来说应该不是毫无关系。
100002_8,2,311,凑小姐和对我做的一样，深深地低下了头。
100002_8,2,313,我向Queentet的成员们大致说明了事情的经过。
100002_8,2,314,毕竟我也得到了她们很多的帮助，我觉得她们有知道的权利。
100002_8,2,315,妹妹不上学的原因是和凑同学吵架了。
100002_8,2,316,凑同学的姐姐是我的同班同学，和我关系很差。
100002_8,2,317,但是凑同学很喜欢姐姐，因为相信姐姐所以才导致了关系的恶化。
100002_8,2,318,然后，星来小姐为了能让两人和好而努力着。
100002_8,2,320,我跳过了小町不上学，以及我被小町欺负的事情，大致说明了这些。
100002_8,2,322,紫阳花同学和小香穗也说着，轻松地接受了她的道歉。
100002_8,2,323,看到这幅光景，我不知不觉地松了一口气。
100002_8,2,324,因为我觉得，妹妹的事情真的就这样结束了。
100002_8,2,326,紫阳花同学没有发出声音，只是微微动了动嘴。
100002_8,2,327,感觉紫阳花同学是在这么对我说。
100002_8,2,331,在自己就读的高中的走廊上，本不应该出现在这里的人们齐聚一堂。
100002_8,2,332,被小香穗捉弄而一脸不悦的星来小姐。
100002_8,2,338,就这样，高中第一次文化祭结束了。
100002_8,2,339,到了收拾的时间，大家一起破坏了那么拼命制作的纸箱……和制作的时候一样，非常开心。
100002_8,2,342,班长清水同学和小香穗作为干事，提前预约了店家。
100002_8,2,343,小香穗问，我回答，就这样参加了庆功宴。
100002_8,2,344,光是有可靠的朋友在，人生就变成了简单模式……。
100002_8,2,345,在班上的大家面前，我可以披上阳角的外皮……。
100002_8,2,350,我躺在沙发上玩了一会手机，突然发现餐桌上放着一个蛋糕盒。
100002_8,2,351,我被吸引着走过去，往里面看去。
100002_8,2,352,而且还是我喜欢的蛋糕店，我喜欢的巧克力蛋糕。
100002_8,2,359,妹妹用头上裹着的毛巾擦着头发。
100002_8,2,361,面对我过于正经的提问，妹妹装作什么都不知道的样子。
100002_8,2,364,我从瞪着我的妹妹手中保护住了蛋糕盒。
100002_8,2,366,"想法也太激进了……

　妹妹指着从厨房偷偷摸摸地拿来了叉子的我。"
100002_8,2,367,，意思是耙子，或是分成两股的棒子。
100002_8,2,368,有一种说法是原型是在土耳其的6000年前遗迹中发现的。
100002_8,2,370,我感觉像是被击溃一样，坐在椅子上小口小口地吃着蛋糕。
100002_8,2,371,妹妹的眼神太可怕，所以我真的闭嘴了。
100002_8,2,373,不出所料，妹妹被妈妈纠正了粗鲁的用词。
100002_8,2,377,文化祭很开心，庆功宴也很开心。
100002_8,2,379,学校生活很顺利，和恋人的关系也很良好。
100002_8,2,381,最近，感觉我的运势变得相当不错。
100002_8,2,382,果然，命运女神会对努力的人微笑。
100002_8,2,383,实际上，不管做什么都会顺利的时期是绝对存在的。
100002_8,2,385,看清运势的流向，是顺利度过人生的诀窍。
100002_8,2,388,随便找个网站输入出生年月日，看看结果。
100002_8,2,400,你认为是朋友的人真的是朋友吗？
100002_8,3,407,难道是专门搞恶作剧的占卜网站吗？
100002_8,3,408,我试着输入了妹妹的出生年月日……。
100002_8,3,410,也就是说，我的运势真的非常糟糕……？
100002_8,3,411,就在这时，我咬到了一个硬硬的东西。
100002_8,3,412,我战战兢兢地用舌头在嘴里摸索。
100002_8,3,417,我用手指取出了砂糖块，仔细端详着它。
100002_8,3,419,可能是收拾文化祭的时候，被纸箱之类的东西划伤的。
100002_8,3,420,一旦意识到，就觉得伤口隐隐作痛。
100002_8,3,421,在厨房洗东西的妈妈发出了遗憾的声音。
100002_8,3,425,……应该不会是什么不祥的预兆吧？
100002_8,3,426,"我低着头好一会儿…………
　不过！"
100002_8,3,433,运气这种东西，说穿了就是概率的波动！
100002_8,3,434,偶尔会往上或往下浮动，这是常有的事。
100002_8,3,435,每次遇到这种事就说什么而沮丧，未免也太愚蠢了。
100002_8,3,440,"应该没有……吧……
　我正想拿手机，手机却从掌心滑了出去。"
100002_8,3,441,"手机就这么倒霉地掉在脚的小趾头上……

　一阵剧痛窜过。"
100002_8,3,443,就在我痛得死去活来的时候，有人慌慌张张地冲进客厅。
100002_8,3,444,是换上睡衣的遥奈，她脸色大变。
100002_8,3,445,我冒着冷汗，眼眶泛泪，咬紧牙关抬起头来。
100002_8,3,447,在疼痛的另一侧，我看到了既视感。
100002_8,3,448,"我记得之前妹妹在那之后也把手机拿给我看……
　妹妹把手机拿给我看。"
100002_8,3,466,所以她肯定努力再努力，才从母亲那边赢得了撤销婚约。
100002_8,3,467,"然后作为交换条件，她要公开与我的关系——
　眼前有光芒闪过。"
100002_8,3,471,闪光灯接连不断，被许多人要求评论，全身沐浴在羡慕的眼神之中。
100002_8,3,476,妹妹摇晃着我的肩膀，指着报道的后续。
100002_8,3,477,"我回望妹妹，大叫道：

　妹妹看着这样的我。"
100002_8,3,478,她的眼神就像是在怜悯自己直到现在都还不承认自己被甩的自作多情女人，看起来很悲伤。
100002_8,3,484,这次的报道上，刊登了对方的照片。
100002_8,3,487,我感觉一脸若无其事的她，正在画面的另一头凝视着我。
100002_8,3,490,"不行不行

　这是在芦谷高中的文化祭开始的前一天所发生的事。"
100002_8,3,491,花取单衣在王冢家的滚筒式洗衣机前抱着膝盖坐着，只是呆呆地望着被揉搓的衣服。
100002_8,3,493,她就像以固定的速度旋转的滚筒一样，发出叹息。
100002_8,3,494,平时那双犹如打磨过的镜子一样反射出锐利光芒的眼睛，现在就像睡眠不足的猫一样无力地垂下。
100002_8,3,496,这一切……都是因为提不起干劲。
100002_8,3,497,花取至今为止从来没有因为有精神还是没精神，有干劲还是没干劲而改变工作的方式。
100002_8,3,498,自己无论何时都能以钢铁般的意志完成工作，是个了不起的社会人士。
100002_8,3,503,其实只是在至今为止漫长的社会人士生活中，365天，连一秒都没有失去过干劲而已。
100002_8,3,504,不过，要说这是理所当然的，也确实如此。
100002_8,3,505,毕竟自己是自愿照顾王冢真唯这位大小姐的。
100002_8,3,506,虽说工作上与讨厌的客户打交道，以及与管理相关的麻烦事务堆积如山，但自己从未感到一丝痛苦。
100002_8,3,507,不……回想起来，过去也只发生过一次。
100002_8,3,511,从那之后，花取就一直状况不佳。
100002_8,3,512,露西的事情自己从小就非常清楚。
100002_8,3,513,真唯因为工作而造访法国的时候，花取也经常随行。
100002_8,3,516,尽管肌肤与头发的颜色很淡，却散发着耀眼的存在感。
100002_8,3,517,与王冢真唯一样，是被赐予了祝福的，神明所创造的杰作。
100002_8,3,518,如果不是从事这样的工作，一辈子都无法近距离瞻仰的奇迹美少女。
100002_8,3,520,"在地球80亿人口当中，无论是美貌还是品格，比她更适合真唯的人物…………
　没错，是有的。"
100002_8,3,521,跨越了天文数字的概率，唯独一人。
100002_8,3,523,正因为如此，胸口的疼痛才无法平息。
100002_8,3,526,她小声地喃喃自语，声音随即被滚筒式洗衣机的振动声所吞没。
100002_8,3,527,她是王冢真唯的青梅竹马，留着长发的美少女。
100002_8,3,528,实际上，就算在华丽感与知名度方面无法避免地逊于露西，但只有花取知道。
100002_8,3,529,比起全世界的任何网红，任何掌权者，纱月才是最适合真唯的对象。
100002_8,3,534,花取虽然被提拔为经纪人，但由于人手不足，能做的事情她都做了。
100002_8,3,535,从营业到事务处理，王冢家的家务帮忙也是其中一环。
100002_8,3,536,一切都是为了让王冢真唯在这个世界绽放光芒。
100002_8,3,537,花取和社长王冢琉音一起做了个梦。
100002_8,3,538,为了让Queen rose闻名世界，真唯的存在感是不可或缺的。
100002_8,3,539,王冢真唯是只要打磨就会绽放光芒的原石。
100002_8,3,540,所以，一切都是为了真唯，花取舍弃了一切向前迈进。
100002_8,3,541,真唯大小姐没有说过一句泄气话，为了母亲背负着公司的名字，完成着分秒必争的行程。
100002_8,3,542,花取明明比任何人都更清楚，年幼的真唯的私人时间被全部剥夺，逐渐疲惫不堪的模样。
100002_8,3,543,花取明明一直看着真唯在接送的车中像泥一样沉睡，然后又挺直腰杆去工作的模样。
100002_8,3,544,花取明明知道真唯不是自己的救世主也不是神明，只是个小学女生。
100002_8,3,545,真唯一直用体重不满40公斤的身体，背负着员工的生活、母亲的梦想以及自己的信仰。
100002_8,3,547,然后，她知道了自己一直在无意识地逃避这件事，自己是多么的肤浅。
100002_8,3,548,拼命地低头道歉，向相关人员赔罪之后。
100002_8,3,551,即使知道辞职也无法消除自己的罪过，但她无法再继续和真唯在一起了。
100002_8,3,555,自己甚至没有像琉音那样，打从心底相信真唯的幸福。
100002_8,3,556,明明被这样乞求，明明决定要待在真唯的身边。
100002_8,3,558,即使如此，在微弱的意识中接到琉音的联络时，她想着至少要完成最后的工作再消失。
100002_8,3,563,载着琉音的车开到了一间公寓前。
100002_8,3,564,琉音走下车，站在了失去色彩的世界中。
100002_8,3,565,和自己一样受到打击的琉音，却出色地履行了作为母亲的职责。
100002_8,3,569,向真唯谢罪，然后辞掉工作，回到佐贺。
100002_8,3,570,随便找个父母希望的对象相亲结婚，过上符合自己身份的人生吧。
100002_8,3,571,这样的自己向光伸出手，本身就是个错误——。
100002_8,3,573,一位少女张开双手，挡在了琉音面前。
100002_8,3,574,看起来像是随处可见的黑发少女。
100002_8,3,580,然后，与真唯同龄的少女，做到了这件事。
100002_8,3,581,她站在连身为大人的花取都感到害怕的琉音面前，一步都没有退缩。
100002_8,3,582,花取破碎的心，在看到这幅光景后，被重新塑造了。
100002_8,3,585,真唯应该一直和这名少女在一起。
100002_8,3,587,但是，如果是为了让两人一直在一起而帮忙，或许自己就能做到。
100002_8,3,590,"然后——
　——从那以后，花取单衣的人生，就决定为了王冢真唯和琴纱月而活。"
100002_8,3,591,花取摇了摇头，呆呆地站了起来。
100002_8,3,596,"所以，希望真唯与纱月能在一起，终究只是自己的自私而已吧……
　……不，就算是这样。"
100002_8,3,597,为了真唯，唯独与露西的婚约，无论如何都必须想办法推翻。
100002_8,3,598,无论花取是否喜欢——真唯已经拥有自己选择的重要对象。
100002_8,3,599,为了守护真唯的幸福，除此之外别无他法。
100002_8,4,601,现在不是在这种地方失去干劲的时候。
100002_8,4,606,工作了一阵子，就在她差不多做完的时候，玄关的门传来开门的声音。
100002_8,4,608,她说过今天会直接从Queen rose总公司回来。
100002_8,4,610,在那里，她看到了黑发美少女的身影，瞪大了眼睛。
100002_8,4,611,看到她们两人并肩而立，果然还是涌起了留恋。
100002_8,4,612,话虽如此，就算真唯自己选择了恋人，花取还是希望她能与纱月作为挚友，今后也好好相处。
100002_8,4,618,感觉好像会陷入某种对自己有利的妄想。
100002_8,4,621,那种事只要在睡前妄想结婚生活的那段时间做就够了。
100002_8,4,624,已经共同度过了27次的人生，现在
100002_8,4,629,花取为她们两人买了蜜月旅行的机票。
100002_8,4,630,花取小小的兴趣就是想象结婚的两人每天过着怎样的幸福生活。
100002_8,4,635,都会大哭一场，暂时无法工作，这让她很头疼。
100002_8,4,637,花取动员了所有的神经，装出自然的笑容。
100002_8,4,641,这句话让花取的心情都快飞上天了。
100002_8,4,642,还能再看到真唯和纱月并肩而立的样子吗？
100002_8,4,643,而且还是她们两人真正成长为美丽的样子。
100002_8,4,645,感觉真唯、纱月和琉音的生日同时到来了。
100002_8,4,651,"纱月
　纱月　真唯
　死——
　视野染成一片纯白。"
100002_8,4,653,真唯与纱月继续着打情骂俏般的对话。
100002_8,4,655,文化祭结束，新的一周开始，我一大早就来到了学校的屋顶。
100002_8,4,656,因为那个对象，琴纱月把我叫了出来。
100002_8,4,657,虽然穿着制服在外面已经有点冷了，但我很清楚这不是能在学校里说的话。
100002_8,4,658,好不容易解决了妹妹的问题，还以为能恢复和平了……。
100002_8,4,660,等纱月同学来了，我得像鳄鱼一样咬住她问个清楚……。
100002_8,4,662,小露西之后是纱月同学……甘织玲奈子吗……！
100002_8,4,668,总之现在不是讲我的事，而是真唯和纱月同学的事！
100002_8,4,673,对方是有着一头柔顺长发的优雅美少女。
100002_8,4,676,她用惊讶的眼神看着我，我慌忙离开。
100002_8,4,679,不愧是象征人类善性的圣女，兼具强大与温柔的紫阳花同学。
100002_8,4,681,这样一来，地球今后想必也能一直和平下去。
100002_8,4,683,我凑近脸如此倾诉，紫阳花同学便垂下眉毛，露出微笑。
100002_8,4,685,我和紫阳花同学的认知出现了分歧。
100002_8,4,687,人各自拥有名为构图的评价基准，会透过这个镜头来看世界，这就是这个理论。
100002_8,4,688,至于这个理论是怎么回事，比方说一本书会有人给出和这两种极端的感想，据说就是这个原因。
100002_8,4,690,这就是每个人个人构图不同的原因。
100002_8,4,691,简单来说，就是这种直截了当的说法。
100002_8,4,694,我认为纱月同学是个很厉害的人。
100002_8,4,695,不仅长得漂亮，头脑聪明，又很努力，还很为朋友着想，说到底就是很温柔。
100002_8,4,697,我知道纱月同学有时候会做出奇怪的举动。
100002_8,4,699,当时纱月同学说赢的人可以和我结婚。
100002_8,4,700,而且事后问了才知道，那好像是她一时兴起说的。
100002_8,4,701,只要和真唯扯上关系，就会一时兴起决定自己的人生。
100002_8,4,703,换句话说，纱月同学会做出什么举动都是未知数。
100002_8,4,704,"就算有人找她吵架，她也有可能会顺势说出这种话，我觉得这也不奇怪……


的坚固滤镜！"
100002_8,4,708,眼前是板着一张脸双手环抱的纱月同学，以及露出爽朗笑容的真唯。
100002_8,4,710,两位绝世美少女的登场，让屋顶一下子变得华丽起来。
100002_8,4,713,紫阳花同学头上冒出一堆问号，同时重复着我说的话。
100002_8,4,717,"是……
　如此这般，除了小香穗以外的Queentet四人聚集在冬天的屋顶。"
100002_8,4,719,真唯以冷静的语气开始娓娓道来。
100002_8,4,721,真唯的母亲因为真唯之前举办了联谊派对而感到担心，所以才想尽早巩固真唯的终身大事。
100002_8,4,722,真唯最近似乎一直在设法解决这件事，但好像不如想象中顺利。
100002_8,4,723,我也不该对别人家的家务事说三道四。
100002_8,4,724,可是……真唯与母亲的关系看起来实在不太健全。
100002_8,4,731,我的挚友很害羞，而且是非常高洁的人。
100002_8,4,734,真唯觉得她连这种地方都很害羞，便哈哈笑了起来。
100002_8,4,735,我进一步询问，真唯就像是自己的孩子在赛跑中得到第一名一样，挺起胸膛。
100002_8,4,738,纱月同学以平常的语气如此断言。
100002_8,4,740,听到这句话，我与紫阳花同学自然地互相对视。
100002_8,4,741,没错，或许这样并不普通，但我、紫阳花同学以及真唯，我们三个人正在交往。
100002_8,4,742,这件事也可以说让事情变得更加复杂。
100002_8,4,744,"也就是说……
　在我开口之前，紫阳花同学小声地问：

　真唯微微倒抽一口气。"
100002_8,4,746,纱月同学像是豁出去了一样，如此断言。
100002_8,4,752,这次，我和紫阳花同学都闭上了嘴。
100002_8,4,754,从外面传来学生们零星的问候声。
100002_8,4,757,但是，能与真唯维持现在的关系，我觉得……很开心。
100002_8,4,758,纱月同学的话，让我反射性地接着说下去。
100002_8,4,760,在她讲到重点的时候，我插嘴了。
100002_8,4,767,我觉得这对纱月同学来说没什么好处。
100002_8,4,769,虽然没办法好好说明，但就是觉得不对劲。
100002_8,4,772,"像这种感觉……
　纱月同学轻轻地叹了口气。"
100002_8,4,776,只是，特地亲口说出自己是为了别人而行动的纱月同学，总觉得不像平常的纱月同学。
100002_8,4,777,"要是被问到是哪里不像，我也很困扰就是了……


　确实是这样。"
100002_8,4,778,正如纱月同学所说，预料之外的情报接二连三地涌来，我应该很混乱吧。
100002_8,4,784,"jpg

　纱月同学画完图后，一脸诧异地皱起眉头。"
100002_8,4,785,虽然我完全听不懂纱月同学在说什么，但最近我家来了PS5。
100002_8,4,787,机身也变得苗条又帅气，我已经被小PS迷得神魂颠倒。
100002_8,4,790,不管怎样，我觉得大致上就是这张图这样。
100002_8,4,791,一起看着图的紫阳花同学害羞地扭扭捏捏。
100002_8,4,794,纱月同学拨了一下美丽的头发，浅浅地笑了。
100002_8,4,797,但是，以现状来说，这或许是最好的方法。
100002_8,4,798,毕竟这是非常了解真唯母亲的真唯与纱月同学一起想出来的办法。
100002_8,4,799,至少真唯的心灵负担会明显减轻。
100002_8,5,801,因为她从小就为了真唯费尽心思。
100002_8,5,802,"可是……
　我还是很在意，所以在从屋顶回到教室的途中，我悄悄地问了纱月同学。"
100002_8,5,810,听到这句话，我不知道该说什么才好，只能点头。
100002_8,5,812,纱月同学目不转睛地盯着我，随后像是失去了兴趣般，不慌不忙地走了。
100002_8,5,814,在阴沉的天空之下，一阵冷风吹过。
100002_8,5,815,结果，从那简短的对话中，我只明白了一件事，那就是我完全不了解纱月同学。
100002_8,5,817,接下来就是悠闲地度过每一天，然后迎接寒假……我原本是这样想的。
100002_8,5,818,学校里，掀起了犹如飓风般的骚动。
100002_8,5,821,真唯与小露西的婚约，感觉就像是不同世界的事情，但这次的对象是纱月同学。
100002_8,5,822,不管怎么说，颜值高到不行的两个人的未婚妻，都待在同一个班级。
100002_8,5,825,不只是受欢迎的真唯，就连明显散发着厌世气场的纱月同学，走到哪里都会被学生们团团围住。
100002_8,5,826,两个人在一起的那天，简直就像在举办祭典一样。
100002_8,5,827,每当真唯看向纱月同学，每当纱月同学对真唯说些什么，就会响起犹如偶像演唱会般的欢呼声。
100002_8,5,828,这股狂热的气氛，就连拯救世界凯旋归来的勇者也不会如此受到欢迎吧。
100002_8,5,829,对真唯燃起对抗心而感到不甘心的高田卑弥呼同学，想必一定把她的手帕都捏烂了吧。
100002_8,5,832,我与小香穗两个人在休息时间聊着这样的话题。
100002_8,5,835,她的脑子转得实在太快，我都不禁尊敬起她了。
100002_8,5,836,对于因为隐瞒了她而感到有些内疚的我。
100002_8,5,840,她把手放在嘴边，眯起眼睛嘻嘻笑着。
100002_8,5,849,我绞尽脑汁，结果还是只能挤出这句话。
100002_8,5,854,她给我发信息说的时候，肯定也是为了捉弄真唯之类的吧。
100002_8,5,855,虽然她本人回答那个理由……但肯定是这样没错。
100002_8,5,856,说起来，女高中生都会谈恋爱这种想法，我觉得是世间的偏见。
100002_8,5,857,如果我没有遇到真唯和紫阳花同学，现在肯定也过着对恋爱不感兴趣的青春生活。
100002_8,5,859,看着喃喃自语的我，小香穗沉默了一会儿。
100002_8,5,860,但是，她随后大大地伸了个懒腰。
100002_8,5,862,但是，多亏了小香穗没有打乱自己的节奏，我或许才能保持住精神上的稳定。
100002_8,5,863,比起抱着无法对任何人说的秘密，还是被别人捉弄一下，心情不会那么沉重……真是感激不尽。
100002_8,5,864,上课铃响了，我回到了自己的座位。
100002_8,5,865,然后，坐在前面的紫阳花同学没有和任何人说话，只是呆呆地望着窗外。
100002_8,5,867,她的侧脸比起平时那种亲近人的可爱，更凸显了她本身的美丽。
100002_8,5,868,"紫阳花同学，真是个美人啊……

　紫阳花同学没有看这边，自言自语地开口说道。"
100002_8,5,869,在芦谷高中，围绕着真唯，万纱派和万恶派似乎在水面下展开了斗争。
100002_8,5,870,"适合完美恋人的是纱月同学，不对，是紫阳花同学，诸如此类……
　然后，就发生了这场婚约骚动。"
100002_8,5,873,她的眼神有时会追着纱月同学，有时会望向真唯。
100002_8,5,877,那种全身寒毛直竖的痒感，让我慌张地重新面向前方。
100002_8,5,879,但是，紫阳花同学一直不肯和我对上视线，我只好不情愿地再次把手伸向书包。
100002_8,5,880,背脊再次被手指抚摸，我发出了尖叫。
100002_8,5,886,比起因为谁打了谁，或是谁被欺负了之类的话题而热闹，这样要好得多。
100002_8,5,890,我想就这样，过着风平浪静的和平人生。
100002_8,5,893,"一直平稳地，绝对不会被打乱内心，如同植物般的人生……
　我这样想——直到那一瞬间为止。"
100002_8,5,894,在走到车站的归途上，我的手突然被抓住。
100002_8,5,895,"咦——
　就这样，我被强行拖进了小巷子里。"
100002_8,5,906,虽然她平时开朗活泼，很可爱，但是一起洗澡的时候，她会咬别人的脖子，是个危险的女孩子。
100002_8,5,907,我下意识捂住自己的脖子，说道。
100002_8,5,908,小耀子承认自己的错误，向我道歉。
100002_8,5,909,唔……她都道歉了，我也没法再说什么了……！
100002_8,5,910,我还是第一次看到小耀子这么慌张。
100002_8,5,922,那一定是一个被毛毯包裹着的人……。
100002_8,5,923,为，为什么气氛会变得这么恐怖？
100002_8,5,925,这时，小耀子把手放在了我的肩膀上。
100002_8,5,927,我不由得颤抖着回过头，看到小耀子清澈的眼神。
100002_8,5,928,小耀子向右转，转眼间就消失了。
100002_8,5,934,我回想起上次来这个房间时的事情。
100002_8,5,935,"小耀子，看来是真的很不想和小露西扯上关系啊…………
　这时，从房间里面传来了微弱的声音。"
100002_8,5,936,"唔…………
　既然被叫了名字，那我也不能逃走了……
　我脱下鞋子，战战兢兢地走进房间。"
100002_8,5,937,这个房间的主人，小露西裹着毛毯，抬头看着我。
100002_8,5,941,这里有一个因为真唯和纱月同学的策略，而变得不幸的女孩子。
100002_8,5,942,来自法国的模特儿，真唯的前未婚妻。
100002_8,5,944,因为势头太猛，我就这样被推倒在了地板上。
100002_8,5,945,她有着一头及腰的美丽银发，以及苍色的眼眸。
100002_8,5,946,那白皙的肌肤仿佛散发着淡淡的光芒。
100002_8,5,947,小露西穿着胸口大大敞开的连身睡衣
100002_8,5,952,即使在昏暗的房间里，她的眼眸也依然闪耀着光芒。
100002_8,5,953,总，总觉得……这个姿势，好像不太妙……！
100002_8,5,956,平时拥有梦幻般美貌的小露西，因为眼泪的缘故，突然变得很亲近。
100002_8,5,957,该说是质感还是肉感……那种东西让我的心脏剧烈跳动。
100002_8,5,958,樱色的嘴唇，像是在求助一样，呼唤着我的名字。
100002_8,5,959,心脏的跳动声太吵了，让我无法思考。
100002_8,5,960,小露西一屁股坐在地上，跨在我身上。
100002_8,5,964,骑在我身上的小露西，用双手握住我的手。
100002_8,5,973,而且还是两个超级可爱又超级漂亮的女朋友！
100002_8,5,981,和吵闹的内心相反，我的嘴巴一张一合，说不出话来。
100002_8,5,982,小露西微微歪着头，眼角含着泪水，握着我的手的手，用力地握着。
100002_8,5,983,然后她竭尽全力，坚强地微笑着说道。
100002_8,5,986,从某种意义上来说，这是个让人非常心动的邀请……。
100002_8,5,998,希望拥有能打从心底信赖的最棒的我，其实真正想要的，是能抬头挺胸的自己。
100002_8,5,999,即使大家嘴上都坚持自己想要的是，但其实真正想要的东西，要到关键时刻才会知道。
100002_8,5,1000,因为人际关系很复杂，而人心更是复杂。
100002_8,6,1001,就算被别人指出来，也绝对不会明白。
100002_8,6,1005,在无可替代的时间里，为了成为比昨天的自己稍微好一点的自己而努力的每一天，正是如此。
100002_8,6,1007,实在是过于庞大，甚至让还是女高中生的我们难以承受，每天都被它耍得团团转。
100002_8,6,1008,但是，它偶尔也会给予我们难以置信的强大力量。
100002_8,6,1009,就像我曾经发誓要让真唯和紫阳花同学两个人一起幸福的那天一样。
100002_8,6,1014,她穿着像是便服的公主殿下一样的连衣裙，外面还套着一件看起来超级贵的毛皮大衣。
100002_8,6,1016,露西从毛皮大衣的口袋里掏出一张闪着黑光的信用卡。
100002_8,6,1017,听到我这么说，露西就像正准备吃可丽饼的时候被老鹰抢走了一样，一脸愕然。
100002_8,6,1021,这时，头顶上传来一个熟悉的声音。
100002_8,6,1024,我抬头一看，发现那里站着一位面带柔和笑容的女性。
100002_8,6,1027,毕竟这里是Queen Palace的总公司大楼前，真唯当然也会在这里！
100002_8,6,1028,我为了辩解而站起身，回头望去。
100002_8,6,1029,然后，发现刚才还在旁边的露西不见了。
100002_8,6,1038,"然后，露西她……

　又以惊人的气势用字母语滔滔不绝地说了起来！"
100002_8,6,1045,现代日本不可能有人会相信这种借口。
100002_8,6,1046,是说好厉害啊，行动模式里有的女孩子。
100002_8,6,1048,这时，露西从行道树的阴影处探出头来，露出了拘谨的笑容。
100002_8,6,1051,露西把手放在脸颊上，笑嘻嘻地微笑着。
100002_8,6,1052,那善良的笑容，实在不像是策划了蔷薇皇后爆破计划的恐怖分子。
100002_8,6,1055,露西就像是被最喜欢的孩子邀请去玩一样，用力地点头。
100002_8,6,1057,真唯靠近露西，抚摸她那平滑的肩膀。
100002_8,6,1059,她再次躲到行道树后面，用锐利的眼神指着真唯。
100002_8,6,1060,简直就像是总算想起了刚才的愤怒一样！
100002_8,6,1061,真唯或许已经习惯露西这样情绪起伏不定，她只是微微歪头。
100002_8,6,1067,这句发言，似乎远远超乎了真唯的想象。
100002_8,6,1068,露西不知为何挺起胸膛，就像是第一次整人成功一样，得意地如此宣告。
100002_8,6,1072,试图蒙混过关的我，以及完全认真的露西，两人的声音重叠在一起。
100002_8,6,1076,她再次一步步地靠近拉开距离的露西。
100002_8,6,1077,"露西一边对真唯摆出谜之威吓的姿势，一边说道：

　真唯抓住了露西的手腕。"
100002_8,6,1079,"等、等一下，真唯……
　我不安起来，不禁烦恼着是否该插嘴。"
100002_8,6,1082,真唯放开露西的手腕，真挚地低头道歉。
100002_8,6,1083,真唯抬起头，温柔地微笑着，缓缓地摇了摇头。
100002_8,6,1084,与柔和的笑容相反，她的话语中蕴含着热情。
100002_8,6,1085,"真唯是真心希望露西能够幸福，这点已经充分传达给我了……
　可是……咦？"
100002_8,6,1091,不只是我，真唯也被这句话吓了一跳。
100002_8,6,1092,露西就像一只在栅栏对面汪汪叫的小狗一样，大声喊道。
100002_8,6,1096,"jpg

　这是我第一次看到真唯和露西在说话。"
100002_8,6,1097,我完全不知道露西实际上是怎么看待真唯的。
100002_8,6,1099,"可是，这是……


　真唯承受着露西的视线，然后难受地皱起眉头。"
100002_8,6,1100,听到真唯这么说，露西的眼中闪过动摇。
100002_8,6,1102,她之所以决定要得到幸福……是因为我和紫阳花同学的事情。
100002_8,6,1103,隔了一小段时间，低着头的露西以颤抖的嘴唇询问。
100002_8,6,1105,小露西仿佛抓住了细小的蜘蛛丝，如此低喃。
100002_8,6,1106,然而，真唯没有等小露西把话说完。
100002_8,6,1109,我想……她应该是打算说出真相。
100002_8,6,1110,为了接受小露西发自内心的话语，她打算说出真心话。
100002_8,6,1111,"但是——

　此时，一道黑影出现了。"
100002_8,6,1113,纱月同学站在真唯旁边，搂住她的腰，仿佛在主张所有权。
100002_8,6,1114,然后，她以不带任何光芒的眼神望向这边。
100002_8,6,1115,"小露西一脸愕然，小声地询问：


　纱月同学挺直背脊，回望小露西。"
100002_8,6,1116,纱月同学曾经说过小露西，现在却对她说了如此残酷的话。
100002_8,6,1118,她朝着曾经一脸幸福地亲吻过的纱月同学的脸，用力地举起手。
100002_8,6,1123,但是，纱月同学悠然地躲过了这记大动作的攻击。
100002_8,6,1125,小露西的左手立刻反手一挥，打中了纱月同学的脸！
100002_8,6,1129,纱月同学的身体微微倾斜，看起来就像是慢动作。
100002_8,6,1131,打了纱月同学一巴掌的小露西反而转身跑走了！
100002_8,6,1134,我低头道歉了好几次，然后追上露西。
100002_8,6,1135,事态早就已经超出我的处理能力的极限，我完全无法接受眼前发生的一切。
100002_8,6,1136,但是，我不能就这样放着露西一个人不管。
100002_8,6,1137,过了一会儿，露西停下脚步，气喘吁吁地随便找了个护栏靠上去。
100002_8,6,1138,我的体力也绝对算不上好，所以走到露西旁边，大口喘着气。
100002_8,6,1140,虽然觉得不太可能……但这次难道要解决纱月同学不去上学，露西变成家里蹲的故事……！
100002_8,6,1144,"我得……我得照顾她……
　可是，我该怎么和她搭话！"
100002_8,6,1146,她就像个只要摇晃一公分就会哭喊的婴儿。
100002_8,6,1151,我拉着她白皙的手，提议离开这里。
100002_8,6,1152,露西就像救护车的警笛一样，用50公里外都能听到的音量，全力哭泣着。
100002_8,6,1156,纱月同学，不会不来上学吧……？
100002_8,6,1157,她总是打人，应该也习惯被打了吧……？
100002_8,6,1160,露西把手放在扶手上，小声地开口说道。
100002_8,6,1161,然后，露西用生硬的日语开始讲述。
100002_8,6,1163,那名女性，是看了面向当地小孩的时尚杂志后，才来到这里的。
100002_8,6,1168,她们三人拍了许多照片，作为模特展翅高飞。
100002_8,6,1169,就这样，露西沉睡的美貌绽放出花朵，取得了世界级的巨大成功。
100002_8,6,1171,如果她回答，我也没办法为她做什么。
100002_8,6,1173,与毅然地低头的真唯，以及故意扮黑脸的纱月同学完全不同。
100002_8,6,1174,我只是个想装出一副好人样的卑鄙小人。
100002_8,6,1177,"她低着头，开口说道：呃……


　小露西静静地摇了摇头。"
100002_8,6,1178,是吗……可以的话，真希望她不要想到这个主意……。
100002_8,6,1179,小露西一点一点地吐露着自己那不稳定的心情。
100002_8,6,1180,，露西一直都不明白……和一起玩游戏，是不一样的，对吧……？
100002_8,6,1184,虽然只是我的猜测……但我觉得小露西对真唯和纱月同学，并没有抱持着恋爱感情。
100002_8,6,1186,我也会对妹妹说，所以我很清楚。
100002_8,6,1187,就算当时是真心那么想，那也不是真心话。
100002_8,6,1191,看到她那过于失落的侧脸，我的胸口一阵苦闷。
100002_8,6,1192,会变得自暴自弃，想要伤害周围的一切。
100002_8,7,1201,这种时候应该好好思考，给出正确的答案……！
100002_8,7,1202,对了，这种时候就问问以前的我吧。
100002_8,7,1203,如果是叛逆期的我，应该能稍微理解小露西现在的心情！
100002_8,7,1209,毕竟她毫无人生经验，只是个在网上搜罗别人的肤浅思想，然后到处炫耀的垃圾。
100002_8,7,1213,"不、不过，有些问题确实需要时间来解决…………
　露西听了我的话，微微点了点头。"
100002_8,7,1215,听到她那仿佛眼泪般滴落的话语，我。
100002_8,7,1217,不，要是她太期待的话，我会很困扰的……！
100002_8,7,1219,因为，真唯和纱月同学看起来完全不像是讨厌小露西。
100002_8,7,1220,真唯好像认为小露西是被母亲利用，而纱月同学也不是那种被讨厌的人亲吻脸颊还能接受的人。
100002_8,7,1225,纱月同学以前在球技大会时，因为紫阳花同学受到伤害，燃起了的杀气。
100002_8,7,1231,因为错的是纱月同学的说话方式！
100002_8,7,1232,小露西像是被大雨淋湿了一样，抱着头。
100002_8,7,1235,如果是我干的话，就算投胎七次也会被她追上，被打入地狱的！
100002_8,7,1237,光是想象那种场景，感觉就会一辈子被噩梦缠身。
100002_8,7,1239,相比之下，打个耳光根本不算什么吧？
100002_8,7,1240,只要想和好，明天就能和好如初。
100002_8,7,1244,"嗯……
　那柔软的身体，以及炙热的体温传了过来。"
100002_8,7,1248,她只是和朋友吵架，说了违心之论，然后大闹了一场，是个受伤的女孩子。
100002_8,7,1249,……好啦，总之，小露西好像也冷静下来了。
100002_8,7,1250,我这样说完，小露西依然抱着我摇了摇头。
100002_8,7,1251,这让我想起了裹着毛毯，眼睛红肿的小露西。
100002_8,7,1253,我轻轻地笑了笑，抚摸着小露西的头。
100002_8,7,1255,露西轻轻地抬起头，窥视着我的脸色。
100002_8,7,1256,这次的开端，露西被悔婚这件事，我也有责任……。
100002_8,7,1257,但是，更重要的是，我不想让露西孤身一人。
100002_8,7,1258,在遥远的外国，和最喜欢的朋友吵架，一个人待在公寓里，如果是我，我可能会疯掉。
100002_8,7,1262,我配合着她，也嬉皮笑脸地笑了。
100002_8,7,1263,只要露西能打起精神，不管去哪里我都会陪着她！
100002_8,7,1264,我们一边笑着，一边牵着手，中途拦了一辆出租车，前往目的地。
100002_8,7,1266,到达店后，刚被带到座位上，我就对坐在斜对面的露西大声说道。
100002_8,7,1267,露西歪着头，就像一个分不清善恶的纯洁人偶，然后露出了天真烂漫的笑容。
100002_8,7,1270,里面很昏暗，低矮的天花板上挂着玻璃吊灯。
100002_8,7,1271,整面墙壁都是烟雾弥漫的镜子，有一种不可思议的氛围。
100002_8,7,1272,我和露西坐在曲线平缓的沙发上，穿着华丽礼服的姐姐们走了过来……。
100002_8,7,1274,我就像信乐烧的狸猫一样，全身僵硬……。
100002_8,7,1275,露西开心地打开菜单，天真无邪地笑着对我说。
100002_8,7,1280,啊……不知不觉，我对这么可爱的露西，说了这么过分的话……！
100002_8,7,1281,不，刚才只是我心中的耀子在叫喊……！
100002_8,7,1282,我勉强挤出笑容，和她一起看菜单。
100002_8,7,1284,虽然不太清楚，但那应该是酒吧！
100002_8,7,1296,虽然我这样喊着，但被对方逼问，我只能哭着点头……。
100002_8,7,1297,被抛弃的甘织玲奈子，今后只能依靠高中生活的快乐回忆，一辈子都躲在房间里……！
100002_8,7,1298,我露出无可奈何的软弱笑容，比出了剪刀手。
100002_8,7,1300,我是不是因为陪露西，而掉进了无底的深渊呢。
100002_8,7,1301,这样的想象，让我感觉快要被勒死了。
100002_8,7,1303,我紧紧抓住了完全兴奋起来的露西的手腕。
100002_8,7,1307,我低下头，露西也点了同样的东西。
100002_8,7,1310,咦，为什么连店员的份都要我们点啊……！
100002_8,7,1314,不然我对你的看法会彻底改变的……！
100002_8,7,1316,我们正在争论的时候，坐在座位上的姐姐轻轻地笑了。
100002_8,7,1318,坐在旁边的姐姐一下子把身体靠了过来。
100002_8,7,1322,姐姐保持着在我旁边的座位，积极地和我聊着各种话题。
100002_8,7,1323,对于我笨拙的游戏话题，她有时会露出笑容，还会说并用力点头，非常开心地听着。
100002_8,7,1327,虽然不知道，但总之心跳加速了。
100002_8,7,1331,姐姐缩短了和我之间隔着一个拳头的距离。
100002_8,7,1334,姐姐的膝盖轻轻碰到了我的膝盖。
100002_8,7,1343,心脏的跳动BPM超过200了！
100002_8,7,1345,报上本名的话就糟了，只有这种危机感在运作。
100002_8,7,1347,回过神来，我立刻报上了假名……。
100002_8,7,1352,真唯、纱月同学、紫阳花同学、小香穗，以及遥奈。
100002_8,7,1354,死刑、死刑、死刑、死刑、死刑。
100002_8,7,1359,因为小露西看起来很失落，很寂寞，我不能放着她不管！
100002_8,7,1363,玻璃杯与玻璃杯互相碰撞，冒充妹妹名字的我，脸上挂着快要死掉的笑容。
100002_8,7,1364,姐姐将艳丽的嘴唇凑近玻璃杯，喝了一口饮料。
100002_8,7,1366,她道谢的同时对我眨了眨眼，我只能笑了。
100002_8,7,1371,我连忙喝了一口饮料，但只感觉到冰凉。
100002_8,7,1373,姐姐的手，这次放到了我的大腿上。
100002_8,7,1378,凑近我的脸微笑的姐姐，她的眼眸中带着妖艳的色彩。
100002_8,7,1382,同样接受姐姐接待的小露西，情绪已经变得很奇怪了。
100002_8,7,1383,她的眼眸中扑簌扑簌地流下眼泪，被旁边的姐姐安慰着。
100002_8,7,1384,这次她抱着姐姐的膝盖，哭了起来。
100002_8,7,1385,明明没喝酒……这家伙……这家伙怎么回事！
100002_8,7,1388,现在，我用理解了小耀子的辛苦！
100002_8,7,1389,话说……露西好像比刚才我在高台上安慰她的时候，看起来更开心……？
100002_8,7,1391,不，有些话，只有第一次见面才能说……。
100002_8,7,1395,我渐渐觉得，思考这件事很痛苦。
100002_8,8,1401,我喝干了加了薄荷，味道很浓的青柠风味无酒精鸡尾酒，把玻璃杯放在桌子上。
100002_8,8,1403,感觉最近积累的压力，正在被治愈……。
100002_8,8,1406,这就是，用金钱维系的关系……！
100002_8,8,1409,小露西用手掌揉搓着一次性筷子，把筷子搅在一起，然后把筷子的尾部朝向这边。
100002_8,8,1410,虽然完全不知道话题是怎么发展到这里的，但不知何时开始玩起了国王游戏。
100002_8,8,1411,已经放弃思考的我，笑嘻嘻地抽出了筷子。
100002_8,8,1414,我来回看着美女和性感的大姐姐们，以及小露西，思考着命令。
100002_8,8,1416,小露西和凛小姐移动到座位上，坐到了我的两边。
100002_8,8,1417,我心跳加速地等待着，她们把脸凑到我的耳边。
100002_8,8,1418,顺便一提，虽然小露西一直坚持叫我，但凛小姐却能面不改色地叫我，她毫无疑问是专业的。
100002_8,8,1421,从两边传来让大脑融化的甜美声音……！
100002_8,8,1422,她们在我耳边轻声细语了一会儿，然后同时。
100002_8,8,1427,我躺在沙发上，翻来覆去地扭动着身体。
100002_8,8,1429,这就是国王游戏……多么可怕的恶魔游戏……。
100002_8,8,1430,一次都没有当过国王的小露西收集好一次性筷子，再次递了过来。
100002_8,8,1431,哈啊，哈啊……我差点就回过神来了……好险好险。
100002_8,8,1432,已经到极限的我，用颤抖的指尖抽出了签。
100002_8,8,1434,签发给所有人之后，小露西明显地带着笑容宣布。
100002_8,8,1435,迫不及待的小露西，带着天真无邪的笑容开口。
100002_8,8,1438,小露西像是事先就决定好命令一样，高声宣布。
100002_8,8,1439,我用像是要折断一次性筷子一样的气势大喊。
100002_8,8,1443,就这样，第一次的陪酒体验，以乱七八糟的状态结束了。
100002_8,8,1444,但是，真正麻烦的，是从现在开始……。
100002_8,8,1445,我扶着摇摇晃晃的小露西，走出店门。
100002_8,8,1446,用黑亮的信用卡结完账的小露西，走了几步之后又全身无力。
100002_8,8,1448,虽然露西很瘦，但比我高了10厘米左右。
100002_8,8,1449,要抱着她回到公寓，感觉相当困难。
100002_8,8,1452,然后，靠在我肩膀上的露西，从极近距离用她那双大眼睛看向我。
100002_8,8,1458,那里有一家同时写着住宿和休息费用，有点成人向的住宿设施。
100002_8,8,1460,我用仅剩的一点点理性，下意识地想要把露西扔出去，然后大声喊道。
100002_8,8,1464,今天真的发生了太多事，露西的体力和精神力都耗尽了，就像个没电的幼儿园儿童一样……。
100002_8,8,1465,……这，这是……助人为乐……。
100002_8,8,1469,说不定是在问星星，但冬天的夜空并没有给我任何回应。
100002_8,8,1470,我拖着连呻吟的力气都没有的露西。
100002_8,8,1472,总感觉，我好像陷入了泥沼……！
100002_8,8,1475,……没想到，和小香穗开摄影会庆功宴时的经验，居然能派上用场……。
100002_8,8,1476,就连选房间都很顺利……不，不对……这只是因为人生经验的积累……？
100002_8,8,1478,我像在拉坯一样僵住，也不知道自己在对谁辩解，只是俯视着躺在大床上的露西。
100002_8,8,1479,这次的房间在脚边铺着软绵绵的地毯。
100002_8,8,1481,墙壁统一为亚光黑色，房间的氛围被装饰得十分奢华。
100002_8,8,1482,和上次来的时候相比，感觉气氛更加沉稳。
100002_8,8,1483,但是床边的面板却散发着银色的光芒，给人一种浮躁的感觉，而且浴室还是从房间就能看到的玻璃墙。
100002_8,8,1485,一旦闲下来，就会被名为的恶魔追上，让人坐立不安……。
100002_8,8,1488,至少，把小露西的外套挂在衣架上吧……。
100002_8,8,1491,我小心翼翼地脱下小露西的外套，以免吵醒她。
100002_8,8,1492,然后，抱着膝盖侧睡的小露西，微微动了动嘴唇。
100002_8,8,1495,我先脱下她的右手，然后是左手……好，外套回收完毕。
100002_8,8,1497,当我把外套挂到衣架上回来的时候，小露西已经慢吞吞地坐了起来，摆出双手高举的万岁姿势。
100002_8,8,1499,小露西一脸半睡半醒的样子，用甜美的声音催促着我。
100002_8,8,1500,……这是希望我帮她脱衣服的意思吗！
100002_8,8,1508,我心中涌起一股下流的念头，赶紧让自己冷静下来。
100002_8,8,1509,不不不，小露西的精神年龄只有幼儿园水平，所以这根本没什么！
100002_8,8,1510,我可不是那种对谁都会产生想法的女人！
100002_8,8,1512,也就是说，我必须用那种眼光好好地看露西。
100002_8,8,1518,恐怕露西平时也是让小耀子帮忙换衣服的。
100002_8,8,1519,所以这对露西来说，是司空见惯的景象。
100002_8,8,1521,虽然我完全没有产生色色的想法，但姑且，姑且。
100002_8,8,1526,然后我保持着空无一物的状态，像拔大萝卜一样，把露西平时穿的连衣裙脱了下来。
100002_8,8,1527,露西白皙光滑的肌肤展现在我的眼前。
100002_8,8,1528,面对过于美丽的事物，人的心跳会加速，但我现在是空无一物，所以什么感觉都没有。
100002_8,8,1529,这里没有甘织玲奈子，只有拥有人类外形的空无。
100002_8,8,1530,"连衣裙上还残留着露西的温度，我感受到了她的余香…………
　——没什么大不了的！"
100002_8,8,1531,我小心地叠好连衣裙，放在桌子上！
100002_8,8,1535,露西还没有动，她依然背对着我。
100002_8,8,1538,眼前是有着精致刺绣的黑色胸罩的背扣。
100002_8,8,1541,这也是日常生活中随处可见的一页！
100002_8,8,1545,我用颤抖的指尖解开了露西胸罩的背扣。
100002_8,8,1546,视野的右上角突然弹出了一个奖杯的通知。
100002_8,8,1547,我人生中第一次达成了脱掉女生内衣的成就。
100002_8,8,1549,没什么大不了的……毕竟我每天早上都要穿胸罩……话说，我还是第一次知道脱比穿要简单。
100002_8,8,1552,露西在床上转向我，把并拢的双腿伸向了我。
100002_8,8,1553,现在的露西，胸部裸露在外，只穿着一条内裤。
100002_8,8,1557,"jpg


　也就是说，那个也………………？"
100002_8,8,1560,然后，我把手伸向她的内裤……。
100002_8,8,1565,就在我要触碰到小露西白皙的肌肤，柔软的大腿根部时。
100002_8,8,1572,我拉着电池耗尽的小露西的手，猛地冲向浴室。
100002_8,8,1575,小露西把肩膀以下都泡在宽敞的碗型浴缸里。
100002_8,8,1576,我俯视着这幅景象，有种成就感。
100002_8,8,1578,我对小耀子的同情心无止境地高涨。
100002_8,8,1579,我只不过陪了露西一天，就被她像晨星锤一样甩来甩去，身心都变得残破不堪……。
100002_8,8,1580,这样的日子，每天都在持续…………。
100002_8,8,1582,你很了不起……是女仆的榜样……。
100002_8,8,1583,会咬我的身体，也是因为压力太大了吧，嗯嗯……。
100002_8,8,1585,如果可以的话，你尽管咬吧……。
100002_8,8,1591,这该怎么说呢……算不算……算不算出轨呢……？
100002_8,8,1593,和小香穗一起进去的时候，还没有和真唯以及紫阳花同学交往。
100002_8,8,1594,花取小姐只是帮我擦擦身体，小耀子那次是不可抗力……。
100002_8,8,1595,这次是能靠自己的意志决定要不要进去的类型……。
100002_8,8,1596,在这样的情况下，我要是选择了，感觉对真唯和紫阳花同学有点不义……。
100002_8,9,1609,我感觉最近紫阳花同学对我抱持着有点复杂的心情……。
100002_8,9,1613,我心中的紫阳花同学莞尔一笑，对我露出了温暖的微笑。
100002_8,9,1618,对不起，紫阳花同学……我一定会补偿你的！
100002_8,9,1620,现在……请把那双可爱的眼睛闭上吧！
100002_8,9,1621,我脱掉衣服，用淋浴稍微冲洗了一下身体，然后坐在小露西的旁边……。
100002_8,9,1622,和朋友两个人一起洗澡……唯独这个瞬间，无论过多久我都无法习惯。
100002_8,9,1624,在弥漫着热气的浴室里，寂静回响着。
100002_8,9,1625,小露西从刚才开始就一直像抱着泰迪熊的小孩子一样，紧紧地抱着我的手臂。
100002_8,9,1626,也就是说，小露西的胸部紧紧地压在我的手臂上。
100002_8,9,1629,小露西真的没有任何邪念，靠在我的肩膀上。
100002_8,9,1632,为什么女孩子的肌肤，只要一触碰就会这么舒服呢……。
100002_8,9,1633,全身上下都很柔软，很温暖……。
100002_8,9,1634,即使没有执着，没有恋心，只是这样就会让情绪高涨。
100002_8,9,1636,不自在，难为情，以及一点点的安心感。
100002_8,9,1639,因为小露西，我体验了人生第一次的酒店……！
100002_8,9,1640,可是，该怎么说呢……我实在提不起劲直接了当地说……我露出了暧昧的笑容。
100002_8,9,1642,如果有人需要我，我也想成为那个人的力量。
100002_8,9,1647,我转头一看，眼前是睫毛湿润的美少女。
100002_8,9,1648,紫水晶般的瞳孔，目不转睛地映照着我。
100002_8,9,1651,露西的语气中，丝毫没有开玩笑的成分。
100002_8,9,1656,要是我这样向真唯和紫阳花同学报告，她们肯定会把我从屋顶上推下去，然后串供让完全犯罪成立。
100002_8,9,1657,话虽如此，要是我回答，又会伤害到露西！
100002_8,9,1659,世界啊，求求你别把选择权交给我。
100002_8,9,1660,这一切都是因为我得意忘形地说了这种话……！
100002_8,9,1664,我选择了第三个选项，争取时间。
100002_8,9,1674,不，我还活着……好险，差点就受到致命伤了……。
100002_8,9,1677,果然，露西对我的感情不是恋爱感情。
100002_8,9,1679,"呜呜……
　虽然我快要被她迷得神魂颠倒，但我还是说出了自己的真心话。"
100002_8,9,1681,一边想着自己想说的话，以及说出来后对方会有什么样的感受，一边说出重要的事情，这真的很难。
100002_8,9,1683,这和拒绝真唯以及纱月同学的是完全不同的。
100002_8,9,1684,我现在非常害怕，会伤害到一直等待着我的回答的露西。
100002_8,9,1685,即使如此，如果彼此追求的东西不同，那就必须传达给她。
100002_8,9,1687,露西没有移开视线，而是反问了我。
100002_8,9,1690,与其道歉，还不如一开始就拒绝她！
100002_8,9,1691,刺向自己的刀刃越来越锋利了……。
100002_8,9,1692,露西仿佛早就知道我会这么说，微微地点了点头。
100002_8,9,1693,刀刃的尖端摇晃着，指向了露西。
100002_8,9,1694,……因为露西也一样，比起我，更喜欢真唯和纱月同学吧？
100002_8,9,1695,或许我应该干脆地承认这点，把话说清楚。
100002_8,9,1702,紧紧抱住我的露西，喃喃地说了一句。
100002_8,9,1709,……露西说过自己没有家人，一直很寂寞。
100002_8,9,1711,每天回到空无一人的房间，究竟是什么样的心情呢？
100002_8,9,1712,露西的年纪和我差不多，我无法想象她背负的残酷命运。
100002_8,9,1713,难道就没有让大家都能幸福的方法吗？
100002_8,9,1719,露西抬头看向我，我则把手绕到她的背后。
100002_8,9,1724,难道说，不久之后，真的会有机会向真唯和紫阳花同学重新介绍小露西吗……？
100002_8,9,1726,我总觉得，那样的未来，是不会到来的。
100002_8,9,1731,听到我的呐喊，小露西噗哧一声笑了出来。
100002_8,9,1732,这次露西像是终于放心了，把脸埋进了我的胸口。
100002_8,9,1733,"然后——

　我不由得扭动了身体。"
100002_8,9,1735,我用双手护住胸部，用全身大喊道。
100002_8,9,1744,其实今天一整天，她好像都在跟着我们。
100002_8,9,1746,那干嘛不在中途帮我们一把啊……！
100002_8,9,1750,露西所思考的，将会大大改变我、真唯以及纱月同学的命运……不过，那又是另一段故事了。
100002_8,9,1752,王冢真唯坐在自家的大床上，凝视着黑暗。
100002_8,9,1754,微弱的光线照射进来，琴纱月走了进来。
100002_8,9,1755,真唯含糊其辞，纱月则坐在她的旁边。
100002_8,9,1756,纱月身穿浴袍，一边用浴巾擦拭着湿漉漉的头发。
100002_8,9,1757,"真唯像是张开沉重的嘴巴一样喃喃说道：

　纱月被甩了一巴掌的脸颊已经没有留下任何痕迹。"
100002_8,9,1758,虽然露西在那一瞬间肯定是认真的，但她终究还是没办法真的打纱月一巴掌。
100002_8,9,1760,看到她那副模样，纱月微微皱起眉头。
100002_8,9,1764,"听到这句话，真唯她——

　她将交握的双手放在胸前。"
100002_8,9,1768,纱月的眼眸深处燃起了昏暗的火焰。
100002_8,9,1771,"在这条道路的前方，堆积起许多困难与牺牲——
　纱月抚摸着真唯的脸颊。"
100002_8,9,1780,纱月压在她的身上，低头看着真唯。
100002_8,9,1784,"但是——

　仰面朝天的真唯，眼中映照着纱月。"
100002_8,9,1789,明明如此，却觉得被我夺走嘴唇也无所谓？
100002_8,9,1792,仰望着纱月的真唯，仿佛连内心都托付给她似的，闭上了眼睛。
100002_8,9,1794,感觉从自己的内侧，传来了心被碾压的声音。
100002_8,9,1796,她站起身，以要用吹风机吹头发为由，打算离开真唯的房间。
100002_8,9,1800,——这句话，仿佛连内心都被看透了。
100002_8,10,1801,纱月留下一句唾弃般的话，离开了房间。
100002_8,10,1811,真唯就像是在说心爱的宠物很让人伤脑筋一样，露出了微笑。
100002_8,10,1817,被夹在两人中间走在正中央的我，为了缓和气氛，竖起食指讲了一个特大号的笑话。
100002_8,10,1822,……所以，那个，就是……双关语，对吧……？
100002_8,10,1824,紫阳花同学清了清喉咙，若无其事地继续话题。
100002_8,10,1825,"甘织玲奈子，生存路线——

　紫阳花同学可爱地指着真唯。"
100002_8,10,1826,真唯将手放在胸前，露出优雅的微笑。
100002_8,10,1832,今天是真唯、紫阳花同学，还有我。
100002_8,10,1839,我们决定暂时让小露西一个人静一静。
100002_8,10,1844,看起来也没有那么生气，真是太好了。
100002_8,10,1845,于是，我们三人悠闲地走在刚进入12月的都内街道上。
100002_8,10,1846,说起来，感觉我们好久没有像这样三个人一起出门了。
100002_8,10,1849,啊，我穿着初中时买的粗呢大衣。
100002_8,10,1850,因为我没有钱买冬装……等下次拿到零用钱
100002_8,10,1853,我如此询问，真唯便呵呵地露出微笑。
100002_8,10,1856,我摆出一副自己很了解真唯的样子，摇了摇手指。
100002_8,10,1857,紫阳花同学闻言，握紧拳头倒吸一口气。
100002_8,10,1858,真唯则是笑咪咪地听着我们的对话。
100002_8,10,1861,一旦决定要做就真的会去做这点实在很可怕啊……！
100002_8,10,1862,真唯轻轻地张开双手，对我与紫阳花同学露出微笑。
100002_8,10,1865,相对来说，我的内心感觉用钱就能买到哦……！
100002_8,10,1867,像是搭载了最新显卡的电脑，或是职业玩家使用的全套装备之类的……！
100002_8,10,1868,要是我这么说，感觉会破坏这温馨的气氛，所以我也发出的同意叫声。
100002_8,10,1869,因为，听起来就像是我因为真唯很有钱才决定和她交往的……？
100002_8,10,1871,我的脑海里突然闪过了前几天的。
100002_8,10,1875,她们的眼神完全就是在看神经病。
100002_8,10,1878,真唯和紫阳花同学对我的信赖并没有高到能用这种演技蒙混过去。
100002_8,10,1879,不如说正因为她们信赖我，所以才会确信发生了什么事。
100002_8,10,1881,虽然自己这么说有点那个，但自从开始交往之后，我一点一点地赢得了她们的信赖。
100002_8,10,1882,虽然也有过因为甲乙之类的事情而迷失自我的时期！
100002_8,10,1883,既然如此，与其因为保守秘密而痛苦，坦白应该会比较轻松。
100002_8,10,1884,以目前的信赖度来说，她们两人肯定会理解我也是有苦衷的。
100002_8,10,1887,她们肯定会相信我根本没做什么亏心事的！
100002_8,10,1896,现在她好像还在日本努力完成剩下的工作。
100002_8,10,1901,我已经搞不清楚哪边才是自己的真心话了。
100002_8,10,1908,真唯捏住了我明明是自己说的，却完全没有做好觉悟的脸颊。
100002_8,10,1909,紫阳花同学捏住了我另一边的脸颊。
100002_8,10,1913,呵呵呵，这份痛楚会让我恢复正常的……这样一来就结束了。
100002_8,10,1915,紫阳花同学直到最后都是一脸傻眼。
100002_8,10,1917,紫阳花同学握紧拳头，鼓起干劲。
100002_8,10,1918,那副模样非常可爱，但不是这样的哦？
100002_8,10,1919,我并没有喜欢上SM玩法哦……？
100002_8,10,1921,正当我想着这种会遭天谴的事情时，真唯在一座平凡无奇的大楼前停下了脚步。
100002_8,10,1922,紫阳花同学延续刚才的玩笑话，环视周围。
100002_8,10,1923,祓除罪孽完全恢复正常的我缓缓地摇了摇头。
100002_8,10,1924,在嘻嘻笑着的真唯带领下，我们搭电梯来到了大楼的五楼。
100002_8,10,1925,真唯打开门锁后，我们看到的又是平凡无奇的公寓房间。
100002_8,10,1927,"这是……


　真唯点头回应紫阳花同学的疑问。"
100002_8,10,1929,餐桌上已经准备好了各种各样的食材与调味料。
100002_8,10,1930,紫阳花同学一边把大衣挂到衣架上一边询问，真唯闻言，露出微笑。
100002_8,10,1931,虽然觉得吐槽这点很不识趣，但我就是很在意，所以也没办法。
100002_8,10,1936,不过，身为追星族，拥有阳角思维的王冢真唯，让人不得不承认她确实很可爱……真唯好可爱啊……。
100002_8,10,1937,不过，这就是真唯可爱的地方…………吧。
100002_8,10,1940,一想到真唯干劲十足地从早上就开始准备饺子派对，我就觉得非常暖心。
100002_8,10,1941,真唯总是很拼命呢……真唯LOVE……。
100002_8,10,1947,真唯与紫阳花同学和睦地相视而笑，同时穿上了围裙。
100002_8,10,1948,哦哦……感觉很居家，好可爱……！
100002_8,10,1949,不对，我也要动手做，得穿上围裙才行！
100002_8,10,1950,我慢吞吞地穿……就在我苦战着穿上围裙的期间，两人简单地商量了一下。
100002_8,10,1952,紫阳花同学先用水清洗蔬菜，真唯则是把猪肉末倒进碗里。
100002_8,10,1953,除了我以外的两人开始动手做事。
100002_8,10,1957,我也要找点事情做……请给我工作……！
100002_8,10,1959,这时紫阳花同学露出一副瞧不起人的笑容，说……不对！
100002_8,10,1961,真正的天使紫阳花同学一边有节奏地用菜刀切着菜，一边温柔地笑着。
100002_8,10,1962,紫阳花同学的语气就像是在对小孩子说话一样
100002_8,10,1964,，我举起手，把自己当成是她小学的妹妹。
100002_8,10,1965,呜呜，紫阳花同学不会排挤人……我一边在心里哭泣，一边把盘子端了过来。
100002_8,10,1972,要是紫阳花同学24小时跟在我身后的话……？
100002_8,10,1974,无论在精神上多么依赖她都没关系！
100002_8,10,1979,过着出色的生活，所以绝对不会发生那种事。
100002_8,10,1980,"结束——
　就在我摆好盘子的时候，紫阳花同学像是看准了时机一样，给了我下一个任务。"
100002_8,10,1986,现在，我要暴露一个冲击性的事实。
100002_8,10,1995,我不想暴露自己是15年里一次饭都没有煮过的人……！
100002_8,10,1996,因为紫阳花同学可是为了家人，一直都在做饭哦……？
100002_8,10,1997,而我却只是偶尔帮帮妈妈…………。
100002_8,11,2003,还是说，装作肚子痛，逃进厕所里呢……？
100002_8,11,2004,这样一来饭肯定也会在不知不觉间煮好的吧……嗯……。
100002_8,11,2007,像这样总是想着先逃走的我的精神状态，不正是丑态吗……？
100002_8,11,2009,没事的，紫阳花同学事到如今也不会抛弃我的……。
100002_8,11,2011,我鼓起勇气，向正在做饭的紫阳花同学搭话。
100002_8,11,2012,紫阳花同学停下切菜的手，抬起头来。
100002_8,11,2015,不管是什么，第一次做都是第一次做……没什么好害羞的！
100002_8,11,2016,紫阳花同学和真唯都不会嘲笑我的……！
100002_8,11,2018,紫阳花同学洗完手后，拿起电饭锅的内锅，稍微用水洗了一下，然后用量杯舀起真唯买回来的米。
100002_8,11,2019,紫阳花同学站在我身后，把手伸到前面。
100002_8,11,2021,"咿、咿……
　刚才还因为羞耻心而心跳加速的我的心脏，现在开始因为别的原因而心跳加速。"
100002_8,11,2022,隔着围裙，我感受到了紫阳花同学的体温……。
100002_8,11,2024,我是为了从不会煮饭的甘织玲奈子，升级为会煮饭的甘织玲奈子，才在努力的！
100002_8,11,2028,体温就算了，她在耳边低语的话，那可是致死量啊！
100002_8,11,2029,因为紫阳花同学的低语声很色情啊！
100002_8,11,2030,就这样，我们完成了二人羽织状态下的淘米。
100002_8,11,2031,这是我们第一次共同作业呢，紫阳花同学……嘿嘿……。
100002_8,11,2033,感觉紫阳花同学的声音还萦绕在鼓膜深处……哈啊，哈啊……。
100002_8,11,2037,这样一来，我有生以来第一次煮饭成功了……！
100002_8,11,2038,为了不忘记这份回忆，以后在家里偶尔也试着煮饭吧。
100002_8,11,2040,问我为什么，我只是淘了米，加了定量的水，然后按下电饭锅的按钮而已啊？
100002_8,11,2044,我已经煮过饭了，没有什么好怕的。
100002_8,11,2045,真唯像是看到令人欣慰的事物般呵呵笑着。
100002_8,11,2049,和刚才一样，又是二人羽织模式！
100002_8,11,2052,如果是平常的话，我肯定会吐槽，但因为知识的差距而压倒性地输给她，所以没办法断言……！
100002_8,11,2056,虽然绝对禁止用色色的眼神看紫阳花同学，但真唯的话，我就会稍微用色色的眼神看她……！
100002_8,11,2057,因为真唯总是那么漂亮，那么帅气，也有可爱的一面，而且我们是接吻过很多次的关系……！
100002_8,11,2060,别想多余的事情啊，甘织玲奈子！
100002_8,11,2061,现在为了做出好吃的饺子，要专心揉面团！
100002_8,11,2063,做饺子难道是一种色色的事情吗……！
100002_8,11,2066,就像这样，我陷入了神智不清的状态。
100002_8,11,2073,如果要比喻的话，就像是被真唯和紫阳花同学紧紧抱住，被夹在中间的我，就是被饺子皮包裹的馅料。
100002_8,11,2074,"或许我会就这样被烤得热乎乎的——
　果然做饺子就是色色的事情吧！"
100002_8,11,2079,放在三人面前的盘子上已经没有一个饺子了。
100002_8,11,2080,我煮得美味的米饭也完全吃光了。
100002_8,11,2081,将完成的馅料各自用饺子皮包起来的作业也很开心。
100002_8,11,2083,一眼就能看出哪个是谁做的饺子，这点也很有趣。
100002_8,11,2085,虽然我这样主张，但真唯和紫阳花同学都不在意，反而很开心地吃掉了。
100002_8,11,2086,自己的包的饺子被人吃掉……怎么说呢，感觉很开心。
100002_8,11,2087,如果是这三个人，就算失败了也不可怕。
100002_8,11,2088,我们还尝试放了泡菜，或是芝士，享受着各种各样的变化，我们已经完全满足了。
100002_8,11,2089,坐在旁边的真唯笑咪咪地微笑着。
100002_8,11,2090,无论肚子有多饱，真唯不知为何总是很苗条。
100002_8,11,2091,或许作为人类的构造就与我们不同。
100002_8,11,2092,这样笑着之后，坐在正面的紫阳花同学轻轻地伸了个懒腰。
100002_8,11,2097,我妄想着紫阳花同学露出肚子的画面，用力地摇了摇头。
100002_8,11,2099,幸好我没有色色，差点就要变色了。
100002_8,11,2102,我道出平凡无奇的感想后，紫阳花同学开朗地笑了。
100002_8,11,2103,紫阳花同学无忧无虑地眯起眼睛笑了，我心中充满了怜爱之情。
100002_8,11,2105,我这样吐槽后，紫阳花同学也笑着说。
100002_8,11,2106,"总觉得……
　心情非常地平静。"
100002_8,11,2107,"仿佛我的心意传达了过去，真唯喃喃说道：

　然后，她就像是在说给自己听一样。"
100002_8,11,2112,看到她那认真的眼神，紫阳花同学也下意识地挺直了背脊。
100002_8,11,2114,"真唯毅然地开口说道：


　她至今为止已经道歉过好几次了。"
100002_8,11,2115,而且，真唯也是受害者，所以我没有要责备她的意思。
100002_8,11,2116,然而，真唯却摇了摇头，仿佛连这点都是自己的责任。
100002_8,11,2118,简直就像是在历史性的事件中宣誓一样。
100002_8,11,2119,听到这句话，紫阳花同学战战兢兢地指着自己。
100002_8,11,2121,听到她毫不犹豫地断言，我和紫阳花同学的声音重叠了。
100002_8,11,2124,紫阳花同学发出了声音，但我用力地点头。
100002_8,11,2129,"紫阳花同学微微低着头说道：


　听到真唯从正面这样宣告，紫阳花同学点了点头。"
100002_8,11,2130,真唯凛然地接受了紫阳花同学的想法。
100002_8,11,2133,我与紫阳花同学都不禁看真唯看得入迷。
100002_8,11,2138,真唯把一叠纸递到了我和紫阳花同学面前。
100002_8,11,2141,真唯呵呵呵地露出了恶作剧得逞的笑容。
100002_8,11,2142,这、这家伙……今天到底准备了多少东西啊！
100002_8,11,2146,可恶……事到如今，我的脸颊又开始发烫了。
100002_8,11,2147,是啊……我是非常认真地说着甲啊乙啊的……！
100002_8,11,2149,无论是进入高中，还是成为开朗角色，又或是交到恋人，我每时每刻都在量产着黑历史。
100002_8,11,2151,虽然一切都不顺利，但正因为努力挣扎过，现在才能像这样和她们两人在一起吧。
100002_8,11,2153,不如说，不这么想的话就撑不下去了。
100002_8,11,2154,让我相信，过去也是有意义的吧……！
100002_8,11,2157,真唯那美丽的脸庞迅速地凑了过来。
100002_8,11,2165,"jpg


　听到可爱的尖叫声，我不由得瞪大了眼睛。"
100002_8,11,2166,我用尽全力推开了真唯纤细的肩膀。
100002_8,11,2167,眼前是真唯那宛如公主般的微笑。
100002_8,11,2169,微笑着的真唯脸颊也稍微泛红了。
100002_8,11,2170,紫阳花同学用双手捂住脸，但还是从指缝间紧紧盯着这边。
100002_8,11,2171,我撒了个简直就像小学生一样的谎。
100002_8,11,2175,我用双手的食指比了个叉，全力拒绝她的接近。
100002_8,11,2176,唔……这家伙，不管说什么都一脸帅气……！
100002_8,11,2177,虽然她说的话听起来很有道理啦……！
100002_8,11,2179,紫阳花同学地喘着气，像是在抑制心跳加速。
100002_8,11,2181,紫阳花同学握紧了放在桌上的拳头。
100002_8,11,2182,是指和她们两人在一起的时候，与其中一方接吻的机会吗！
100002_8,11,2188,回来之后的气氛，明显会是的感觉，会变得很奇怪吧！
100002_8,11,2189,既然如此，变得能在众目睽睽之下光明正大地接吻，或许，会比较好……！
100002_8,11,2192,因为你看嘛，欧美电影或是海外电视剧，夫妻不都会在孩子面前轻松地接吻吗……？
100002_8,11,2193,就是那种氛围……没错，这样一来肯定不会下流，应该吧！
100002_8,11,2194,就在我内心纠结的时候，真唯重新坐到了紫阳花同学的旁边。
100002_8,11,2196,真唯把手绕到紫阳花同学的背后。
100002_8,12,2201,紫阳花同学依然紧紧地闭着眼睛。
100002_8,12,2202,真唯瞥了我一眼，嘴角微微一笑。
100002_8,12,2204,"但是，她又再次面向紫阳花同学——
　啊啊——！"
100002_8,12,2206,"紫阳花同学的，那个，
　脸颊被亲了。"
100002_8,12,2210,"jpg

　的一声，我听到了微弱的嘴唇声，真唯向我露出了微笑。"
100002_8,12,2211,我就像拼命地朝快要从悬崖上掉下来的人伸出手——以这样的姿势僵住不动，然后猛然坐回原位。
100002_8,12,2212,这、这家伙……把我耍着玩……？
100002_8,12,2215,这样不行啦……真唯喜欢我，所以她必须要比任何人都对我温柔才行……！
100002_8,12,2218,另一方面，紫阳花同学的脸红得像红姜一样。
100002_8,12,2223,紫阳花同学慌张起来，语气变得像小香穗一样！
100002_8,12,2233,"紫阳花同学现在也一脸呆滞，用手捂着脸颊……
　你们很配嘛…………？"
100002_8,12,2235,话题突然抛到我身上，聚光灯打在了路人身上。
100002_8,12,2236,紫阳花同学刚才就在眼前目击了我与真唯的接吻，她发出了虚幻的声音。
100002_8,12,2239,紫阳花同学把手放在胸前，微微一笑。
100002_8,12,2241,紫阳花同学把小香穗放在膝盖上时，她向我道歉，我也是一脸。
100002_8,12,2242,真唯和纱月同学成为未婚夫妻时，我也只是觉得。
100002_8,12,2244,在那之前，我在新闻上看到真唯的未婚夫时，稍微有点动摇就是了……
100002_8,12,2245,可是，该怎么说呢……当真唯与紫阳花同学真的要在我眼前接吻的时候，我突然有种的感觉。
100002_8,12,2247,还是说，我的心中萌生了的感情呢？
100002_8,12,2249,难道这就是传说中的，大脑被破坏……！
100002_8,12,2257,"我做好了心理准备，以为她还会做什么，真唯却对我说：

　…………咦？"
100002_8,12,2258,我们就像两个怕生的人在相亲一样，生硬地对视。
100002_8,12,2263,听到我与紫阳花同学异口同声发出的惨叫，真唯地笑了好一阵子。
100002_8,12,2264,要在别人面前接吻，我还没办法啦！
100002_8,12,2266,之后，大家一起收拾完离开出租房间时，外面已经一片漆黑。
100002_8,12,2267,真唯与紫阳花同学和我一起搭电车到半路。
100002_8,12,2268,在回家的路上，我们聊得不亦乐乎。
100002_8,12,2269,聊着马上就要到来的圣诞节、寒假、学习、前阵子的文化祭，以及下次要怎么约会。
100002_8,12,2270,自从决定三个人交往之后，感觉已经过了很长一段时间。
100002_8,12,2271,但是最近，我总算能实际感受到，我们三个人正在交往。
100002_8,12,2272,明明三个人在一起，真唯与紫阳花同学却都像只有两个人的时候一样……气氛温暖，而且毫无掩饰。
100002_8,12,2273,我可以放松肩膀，与她们待在一起。
100002_8,12,2275,下了电车不久，我发现手机收到了信息。
100002_8,12,2277,我反复看了好几次这短短的文字。
100002_8,12,2280,唉……我打从心底深深地叹了口气。
100002_8,12,2287,那肯定是真唯只会在恋人面前展现的真面目……。
100002_8,12,2295,但更重要的是，我的意识改变了。
100002_8,12,2296,因为我喜欢真唯，是恋爱的那种喜欢……！
100002_8,12,2297,今天也是，真唯温柔地引导着不时说不出话的我。
100002_8,12,2299,虽然这段关系是从我那荒唐的任性开始的。
100002_8,12,2300,但即使如此，真唯所占的比重还是很大。
100002_8,12,2301,因为有真唯在，我们三个人肯定才能继续下去。
100002_8,12,2302,感谢……我也必须向这样的真唯回以感谢的话语……首先先传……好了。
100002_8,12,2313,虽然感觉很平衡，但看起来就像是，感觉很像在热烈告白啊！
100002_8,12,2314,一旦开始烦恼这种事，就会花上好几个小时！
100002_8,12,2321,不如说，我都想让本人来修改了。
100002_8,12,2327,有真唯，还有紫阳花同学在的每一天，真的很开心。
100002_8,12,2328,我知道这是超出我能力范围的幸福。
100002_8,12,2329,"虽然知道……
　所以……对不起。"
100002_8,12,2331,我果然还是不想和真唯以及紫阳花同学分开。
100002_8,12,2334,无论发生什么事……我都不想放弃这份幸福。
100002_8,12,2339,我一边走在回家的路上，一边强烈地这么想着。
100002_8,12,2340,感觉我的周围依然飘荡着幸福的粒子。
100002_8,12,2341,就像小飞侠的魔法粉末一样，真唯与紫阳花同学的心意无论何时都在守护着我。
100002_8,12,2344,走着走着，天空突然变得很奇怪。
100002_8,12,2345,因为我今天没带折叠伞，所以连忙小跑步地赶回家，结果却绊到水沟，脚踝扭了一下。
100002_8,12,2347,虽然好像没有肿起来，但运气真差啊……是因为和真唯以及紫阳花同学约会，所以运气用光了吗……？
100002_8,12,2349,如果运气是消耗品的话，我在和她们两人交往的时候就会被雷劈死的。
100002_8,12,2356,听说埋在地下的避难所要1500万日元左右。
100002_8,12,2358,总之，离我的安居之地还差一点。
100002_8,12,2359,因为自己房间的被窝就像是我的避难所一样。
100002_8,12,2360,只要回到家，总会有办法的……。
100002_8,12,2362,在离家不远的地方，停着一辆豪华轿车。
100002_8,12,2364,这是……真唯平时用来接送的豪华轿车。
100002_8,12,2373,可是，她和小露西的对话应该已经结束了……？
100002_8,12,2374,黑色长发随风飘扬的美少女没有回应我的话。
100002_8,12,2375,她在车里留下这句话后，就从我旁边走了过去。
100002_8,12,2376,我叫住了她，但纱月同学果然没有回头。
100002_8,12,2382,在驾驶座握着方向盘的是真唯的女仆花取小姐。
100002_8,12,2383,"花取小姐没有露出丝毫笑容，依旧用冷淡的眼神看着我，如此说道：

　车子行驶了一段时间。"
100002_8,12,2384,"坐在后座的我战战兢兢地问道：


　从刚才开始，花取小姐就什么也不回答。"
100002_8,12,2386,我望向窗外，感觉离城镇越来越远了……。
100002_8,12,2389,难道我真的会被带到山里的废弃小屋，被丢在那里，然后被打扮成小丑的杀人魔追着跑……？
100002_8,12,2392,花取小姐，我们不是关系变好了吗！
100002_8,13,2408,还是说你觉得我明明没有想上厕所，却一心想要从这里逃走才撒谎的吗！
100002_8,13,2412,与其说是像慢慢逼近的恐怖让背脊发凉的和风恐怖片，不如说更像是生命危机迫在眉睫的西洋恐怖片。
100002_8,13,2413,车子从那里又开了十分钟左右，突然停了下来。
100002_8,13,2415,那里是曾经看过好几次的停车场，什么嘛，原来是真唯的公寓啊…………才怪，这里就是普通的山中。
100002_8,13,2418,我开始闹脾气，花取小姐便自己下了车。
100002_8,13,2419,呜呜呜……我虽然很害怕，但还是把脚踏在铺着砂石的地面上。
100002_8,13,2420,这里是哪里啊……荒芜的道路往前延伸，路肩上一个人也没有。
100002_8,13,2421,就连车子也是几个小时才有一台经过，是这样的山路。
100002_8,13,2422,厚重的云层覆盖着天空，感觉随时都会下雨。
100002_8,13,2425,"我搓着双手，对花取小姐笑着说道：

　感觉背对着我站着的花取小姐的肩膀，突然抖了一下。"
100002_8,13,2427,"花取小姐依然背对着我，如此询问：

　她的声音一如往常地平淡。"
100002_8,13,2432,还是应该堂堂正正地贯彻自我，毅然地说出真相呢……？
100002_8,13,2436,"我舍弃自尊，露出卑微的笑容，花取小姐随即斩钉截铁地说道：

　糟糕。"
100002_8,13,2437,此时，花取小姐终于回头看向了我。
100002_8,13,2438,她的眼睛里没有映照出任何东西。
100002_8,13,2441,"花取小姐默默地点头，然后开口说道：


　花取小姐的语气很平淡，就像是下着的雨一样。"
100002_8,13,2443,"那个花取小姐……
　那个总是叫我，对我很刻薄的花取小姐……。"
100002_8,13,2444,"花取小姐没有回答，继续说道：

　花取小姐摇了摇头。"
100002_8,13,2446,我确实高兴得快要升天，一瞬间心跳停止了……。
100002_8,13,2449,在我不知道的时候，好像发生了什么不得了的事情……。
100002_8,13,2452,就像刚才说的那样，都知道……！
100002_8,13,2453,这时，花取小姐像是回忆起来一样微笑着。
100002_8,13,2455,花取小姐不是真唯的母亲，而是站在真唯这边的。
100002_8,13,2456,也就是说，她也是……站在我这边的。
100002_8,13,2457,我感觉至今为止一直紧绷着的全身，都放松了下来。
100002_8,13,2460,虽然完全不明白她把我带到这种深山的理由，但是，真的太好了。
100002_8,13,2461,这时，花取小姐把什么东西扔了过来。
100002_8,13,2463,那叠纸发出声音掉在了砂石路上。
100002_8,13,2466,正当我打算捡起来的时候，看到了标题。
100002_8,13,2467,在右下角，写着照泽耀子的名字。
100002_8,13,2471,花取小姐低着头，眼睛被刘海遮住，看不见。
100002_8,13,2473,我战战兢兢地捡起文件，拍掉上面的沙子，翻了开来。
100002_8,13,2477,花取小姐的回答，轻易地凌驾了一介高中生的我的想象。
100002_8,13,2480,"调查结果——
　甘织玲奈子，脚踏四只船。"
100002_8,13,2484,以花取小姐为中心升起的气场，连落在地上的小石头都随之震动。
100002_8,13,2488,"这样下去，我会死——
　得说点什么，得说点什么才行！"
100002_8,13,2490,她握紧的拳头，在我看来就像是电锯一样。
100002_8,13,2491,"我的脑海里闪过刑法199条——

　我双手向前伸出，用快要破音的声音喊道。"
100002_8,13,2492,花取小姐仿佛完全不接受我的说辞，用她那双黯淡无光的眼睛将我关在其中。
100002_8,13,2507,虽然这个决心被单纯地称为也让我很意外，但现在拘泥于这点而舍弃自己的性命也太愚蠢了。
100002_8,13,2522,虽然说是被丢下了，但其实车站就在步行15分钟左右的地方，我从那里坐电车回去了。
100002_8,13,2526,但是，回家的路上，花取小姐对我说的话一直在我的脑海里回荡。
100002_8,13,2530,为什么只有我，会遇到这种事呢……。
100002_8,13,2531,因为……这是三个人一起决定的，不是吗………………。
100002_8,13,2544,就算钻进被窝，花取小姐对我说的话也一直在脑海里挥之不去……。
100002_8,13,2545,皱着眉头的紫阳花同学，今天也很可爱。
100002_8,13,2546,轻飘飘的头发，温柔的声音，一切都惹人怜爱。
100002_8,13,2547,这样的女孩子居然是我的恋人，全世界的人都会羡慕我吧。
100002_8,13,2554,她虽然很烦恼该怎么办，但还是向我搭话了。
100002_8,13,2556,我像是要甩开她的声音，离开了教室。
100002_8,13,2560,但是，对于现在无计可施的我来说，这样的寒冷正好。
100002_8,13,2565,就像被电锯切开一样，一分为二。
100002_8,13,2566,刚开始与她们两人交往的时候，我心中充满了希望。
100002_8,13,2567,真唯和紫阳花同学都有重要的人。
100002_8,13,2568,对于希望她们两人幸福的人来说，我的存在是模糊且不安定的。
100002_8,13,2569,尽管如此，既然选择了，那我就要努力让她们为我加油，我曾经是这样燃烧着斗志的。
100002_8,13,2570,我努力了，努力了，一直努力到了现在。
100002_8,13,2571,"但是……
　实际上，那种事是不可能的。"
100002_8,13,2572,在选择的当下，就不可能会有人为我加油。
100002_8,13,2576,因为真唯和紫阳花同学都是活在人群之中的。
100002_8,13,2577,要让周围的人接受，是不可能的。
100002_8,13,2578,像我这样……无论在哪方面都实力不足的人，不应该抱有如此远大的梦想。
100002_8,13,2579,我吐出丧气话，将额头靠在扶手上。
100002_8,13,2582,她只是考虑到真唯的幸福，认为应该这么做，才付诸行动的。
100002_8,13,2583,然后，如果真唯生气把花取小姐开除了……或许暂时会恢复和平。
100002_8,13,2584,但是，如果又有人像花取小姐那样担心真唯而生气的话呢？
100002_8,13,2589,到那个时候，我真的……会想吗？
100002_8,13,2591,"无论发生什么事，我明明都不想放弃这份幸福的……
　我的决心，果然还是太天真了。"
100002_8,13,2592,我根本没有让别人变得不幸的觉悟。
100002_8,13,2595,"嗯……
　因为我在里面，所以门没有锁。"
100002_8,13,2600,照泽耀子用满不在乎的语气笑着说道。
100002_8,14,2602,她指的是我跟露西一起，打算炸掉玫瑰皇后的时候，我乱来的那件事。
100002_8,14,2603,感觉……那已经是很久以前的事了。
100002_8,14,2608,与此同时，我的心情也像被重力拉扯一样，逐渐下沉。
100002_8,14,2610,所以小耀子才会知道我和梨地小町的事。
100002_8,14,2611,"一直若无其事地……
　好伤心。"
100002_8,14,2613,但这一切都是因为我脚踏真唯和紫阳花同学两条船。
100002_8,14,2616,小耀子点了点头，仿佛没有任何愧疚。
100002_8,14,2619,"也就是说，真唯和纱月同学，真的要朝着结婚的方向前进……
　把我抛在身后。"
100002_8,14,2621,她的声音比平时的小耀子要低一些，就像她当小露西的女仆时那样。
100002_8,14,2623,我可不是四劈啊……虽然我这么想。
100002_8,14,2624,不过，就算是二劈，其实也差不多吧……我沉默不语，听着小耀子的话。
100002_8,14,2625,小耀子把手放在扶手上，用轻松的语气说道。
100002_8,14,2628,就连小耀子，也不知道她的话有几分是认真的。
100002_8,14,2629,我回想起淋浴时的记忆，脖子开始发热。
100002_8,14,2630,看到我夸张的反应，小耀子笑了。
100002_8,14,2638,"咦……
　她把手放在我的脸颊上，温柔地微笑着。"
100002_8,14,2639,看到我脸色大变，小耀子又笑了。
100002_8,14,2645,"jpg小耀子笑了一会儿后，喃喃说道：


　她凝视着我的眼睛。"
100002_8,14,2647,等、等一下，这是怎么回事……？
100002_8,14,2650,女王大人……是指真唯的母亲吧。
100002_8,14,2654,如果问她会不会做，感觉她会做很多。
100002_8,14,2658,因为如果是纱月同学，感觉她会勉强自己做出炸掉玫瑰皇后这种事啊！
100002_8,14,2662,我觉得这种地方也是纱月同学的优点！
100002_8,14,2663,能炸掉青梅竹马母亲的公司的性格到底哪里好啊！
100002_8,14,2664,只有在战斗漫画的世界里，这种性格才会被当成美德吧！
100002_8,14,2666,我按着太阳穴，向小耀子伸出手掌。
100002_8,14,2671,不，可是就算现在解释，也只会被她骂而已吧……太不讲理了……。
100002_8,14,2675,果然，就连执行任务的本人也觉得很害羞。
100002_8,14,2677,如果刚才小耀子说的话都是真的，那就是这样了。
100002_8,14,2683,确实纱月同学和小耀子之间，好像有什么因缘一样，时不时就会互相争执。
100002_8,14,2689,如果不是这样，就无法解释为什么纱月同学会坐在那辆豪华轿车上。
100002_8,14,2691,四股的调查报告书，也是纱月同学交给她的吧。
100002_8,14,2693,因为，如果花取小姐更早读到调查报告书的话，她应该会直接闯进我家才对
100002_8,14,2694,说到底，纱月同学知道我没有在四股。
100002_8,14,2695,因为我和纱月同学并没有在交往！
100002_8,14,2696,然而她却没有解开误会，而是打算利用这个状况。
100002_8,14,2698,我完全不了解纱月同学，但是，或许在至今为止的某处存在着提示。
100002_8,14,2700,纱月同学在决定与真唯和紫阳花同学交往的那天，发了信息给我。
100002_8,14,2702,"从以上几点导出的答案是……
　正常地，非常正常地思考的话。"
100002_8,14,2704,实际上，如果纱月同学真的想要恋人，应该有很多方法可以找到。
100002_8,14,2706,实际上，在我们限定交往两周的时候，我就觉得纱月同学。
100002_8,14,2708,果然是喜欢真唯，想和真唯结婚……？
100002_8,14,2709,或者是为了和真唯结婚，打算达成某个目的……？
100002_8,14,2711,总觉得，有什么东西卡在了脑海里。
100002_8,14,2712,再稍微……感觉，好像就能想到什么了……。
100002_8,14,2713,"就在这时——
　砰的一声，屋顶的门被打开了。"
100002_8,14,2715,一个头发轻飘飘的可爱女孩，正双手抱胸站在那里。
100002_8,14,2716,紫阳花同学以不像她会有的情绪鼓足干劲，大步地走了过来。
100002_8,14,2721,"这、这样说是没错啦……


　紫阳花同学温柔地笑了。"
100002_8,14,2724,"不，可是……
　畏缩的我，也觉得是不是先和真唯谈谈比较好。"
100002_8,14,2725,如果是我和紫阳花同学说的话，真唯应该会听吧。
100002_8,14,2726,但是，如果她知道情报来源是母亲雇用的侦探……感觉真唯会相信纱月同学的说法。
100002_8,14,2729,虽然不能从根本上解决问题……但仔细想想，这或许是个好主意！
100002_8,14,2730,但是，此时我却幻视到纱月同学屹立在山的另一端的巨大身影。
100002_8,14,2731,唔……最大的问题，就是那个纱月同学会不会老实地告诉我们。
100002_8,14,2734,而且还是成为伙伴也不会弱化的那种强角。
100002_8,14,2742,因为纱月同学对紫阳花同学很溺爱！
100002_8,14,2746,比起就这样待在真唯身边被花取小姐用刑法199条，这样要好得多！
100002_8,14,2747,紫阳花同学甚至放弃吐槽我那过于夸张的发言，挺起了胸膛。
100002_8,14,2749,就算是天使，现在的紫阳花同学也像大天使加百列一样可靠！
100002_8,14,2750,在情绪高涨的我们旁边，小耀子插嘴说道。
100002_8,14,2752,感觉我们说了不少被听到会很不妙的话！
100002_8,14,2753,于是紫阳花同学非常老实地回答了。
100002_8,14,2758,光是让人变得不信任人类，你还不满足……！
100002_8,14,2759,得解开紫阳花同学的误会才行……！
100002_8,14,2760,紫阳花同学用手捂着嘴盯着我看，我拼命地向她解释。
100002_8,14,2762,"刚才，我好像挖了一个足以名垂青史的超大坑——

　小耀子拍了拍僵住的我的肩膀。"
100002_8,14,2763,"我这样大叫，旁边的紫阳花同学则是暂时陷入了混乱……
　我、我又做了什么吗！"
100002_8,14,2766,我和紫阳花同学在某间神社的境内，等待着目标人物。
100002_8,14,2769,紫阳花同学的这副模样让我感到可靠，同时也莫名地感到内疚
100002_8,14,2773,，我如此说道：紫阳花同学露出惹人怜爱的微笑。
100002_8,14,2774,是我的错觉吗，刚才紫阳花同学的周围好像冒出了黑色的气场……。
100002_8,14,2776,毕竟紫阳花同学是我脆弱的心灵创造出来的妄想。
100002_8,14,2777,紫阳花同学不可能对谁抱有负面感情。
100002_8,14,2779,我说了些无关痛痒的话，紫阳花同学也连连点头。
100002_8,14,2783,说起来，就算她无视了这次的邀请，我们也是同班同学。
100002_8,14,2784,"她应该比任何人都清楚，自己不可能一直逃避下去——
　这时。"
100002_8,14,2785,那个人踩着楼梯，出现在了我们面前。
100002_8,14,2786,街上所有人都会回头看的黑发美女。
100002_8,14,2787,但是现在，她身上却散发出深不可测的压迫感。
100002_8,14,2788,摇曳的头发，简直就像魔女一样。
100002_8,14,2791,纱月同学傲慢地嘟囔着，来到了我们面前。
100002_8,14,2792,然后，她的视线停在了紫阳花同学身上。
100002_8,14,2794,而紫阳花同学则是露出了充满干劲的微笑。
100002_8,14,2796,纱月同学以为只有我一个人叫她出来。
100002_8,15,2803,紫阳花同学也慌忙地站到了纱月同学的旁边。
100002_8,15,2804,这个反应，实在是太出乎意料了！
100002_8,15,2806,纱月同学渐渐加快了走路的速度。
100002_8,15,2810,纱月同学在我话说到一半的时候。
100002_8,15,2815,再怎么说，她也太不擅长应付紫阳花同学了！
100002_8,15,2816,这简直就像是在技能栏里只放了魔法的状态下，遇到了魔法无效的怪物一样，果断地做出了决定！
100002_8,15,2817,虽然我叫住了她，但琴纱月可不是会因此停下脚步的人。
100002_8,15,2819,从神社跑到小巷，纱月同学就这样抱着书包跑走了。
100002_8,15,2820,纱月同学是认真要逃走的，我怎么可能追得上。
100002_8,15,2825,就算现在让她逃走，只要在学校里见到她不就行了！
100002_8,15,2826,就算是紫阳花同学，这个判断也太不理性了！
100002_8,15,2827,紫阳花同学像是在闹别扭一样大声喊道。
100002_8,15,2828,仿佛这样就完成了所有的说明责任。
100002_8,15,2831,既然不是讲道理的，那就阻止不了了！
100002_8,15,2835,三个放学回家的女高中生，认真地玩起捉迷藏，怎么说呢，感觉超级羞耻的！
100002_8,15,2836,然后紫阳花同学也不顾忌他人目光地喊道。
100002_8,15,2839,一旦到了紧要关头，她就会做出这种事呢！
100002_8,15,2840,纱月同学的声音从远处传了回来。
100002_8,15,2842,因为要是没有的话，她就不会逃走了！
100002_8,15,2843,就像是被定好了似的，纱月同学给出了明确的回答。
100002_8,15,2844,纱月同学无法无视紫阳花同学的话！
100002_8,15,2846,我一边被紫阳花同学拉着，一边向她说道。
100002_8,15,2847,紫阳花同学一边继续奔跑，一边喊道。
100002_8,15,2848,以摇曳的黑发为标记，我们拼命地摆动双腿。
100002_8,15,2849,只要稍微放慢速度，感觉就会被甩掉。
100002_8,15,2852,所以她回答说，只要认为这是为了濑名就好。
100002_8,15,2853,至今为止自己只是因为欠濑名恩情，所以才在偿还而已。
100002_8,15,2855,"穿过小巷，穿过商店街，闯过绿灯——

　纱月同学愤恨地喊了回去。"
100002_8,15,2856,先不管为什么要把我搬出来……但这句话一定刺伤了她。
100002_8,15,2857,因为纱月同学总是对紫阳花同学百依百顺。
100002_8,15,2858,被天生的善人否定自己的所作所为，纱月同学像是被弹开一样怒吼回去。
100002_8,15,2859,那个纱月同学，竟然骂了紫阳花同学！
100002_8,15,2861,我因为太过震惊，不小心放开了紫阳花同学的手。
100002_8,15,2865,为什么说那种话呢，纱月好过分哦……！
100002_8,15,2866,如果事情变成这样，就算是我也会站在紫阳花同学这边的哦！
100002_8,15,2868,就算是纱月同学，也有可以说的话和不能说的话！
100002_8,15,2870,她反而咬紧了嘴唇，如此怒吼回去。
100002_8,15,2871,纱月同学的脚就像是滑了一跤一样，稍微慢了下来。
100002_8,15,2873,每当紫阳花同学被纱月同学骂，反而是我的胃在痛！
100002_8,15,2877,我这毫无意义的打圆场，只是无意义地消失在空气中。
100002_8,15,2878,紫阳花同学回嘴道：纱月同学她，喜欢我……！
100002_8,15,2882,紫阳花同学用力踩下油门，撞了上去！
100002_8,15,2889,不，但是……紫阳花同学她……！
100002_8,15,2891,"我——

　我追了上去，再次跑了起来。"
100002_8,15,2892,纱月同学也跟着我，甩着黑发跑了起来。
100002_8,15,2896,如果纱月同学在这里逃走的话，确实……感觉很讨厌！
100002_8,15,2898,虽然不记得自己是怎么跑的，但总之，我追着她的背影继续跑着。
100002_8,15,2901,这是以前我从纱月同学的公寓里逃出来时看到的景色。
100002_8,15,2903,因为我在中途脱掉了外套，也脱掉了西装夹克，抱着它们跑过来，所以双手很重。
100002_8,15,2904,毕竟我并不是那种很有体力的人！
100002_8,15,2905,但是，先到达极限的是纱月同学。
100002_8,15,2906,她对紫阳花同学怒吼之后，体力就耗尽了。
100002_8,15,2907,"终于停下来的纱月同学，即便如此也还是想挪动脚步——
　糟糕。"
100002_8,15,2908,如果要比毅力的话，我绝对没有胜算！
100002_8,15,2909,我用尽全力冲刺，从后面抱住了纱月同学。
100002_8,15,2914,一半左右是的心情，我感到安心——就在这时。
100002_8,15,2915,我明明是从后面架住了纱月同学，但回过神来，我已经被她骑在身上了。
100002_8,15,2917,糟糕——她的声音就像是从绝对不能打开的门的另一边传来的。
100002_8,15,2919,明明没有风，纱月同学的头发却在摇曳。
100002_8,15,2920,"我要被杀了——
　我，我必须说点什么！"
100002_8,15,2931,你都为所欲为到那种地步了，还这么乱来！
100002_8,15,2932,纱月同学总是乱来，但这次更是乱来！
100002_8,15,2939,我不由得闭上眼睛，双手往前伸。
100002_8,15,2944,纱月同学依然骑在我身上，低着头。
100002_8,15,2945,太阳已经完全下山，她的身后可以看见一轮皎洁的明月。
100002_8,15,2947,这是纱月同学一直以来不断重复的话。
100002_8,15,2948,我也完全不觉得纱月同学会喜欢上我。
100002_8,15,2949,如果纱月同学有喜欢的人，那绝对不是我，而是真唯。
100002_8,15,2950,纱月同学喜欢真唯，所以想要夺走未婚妻的宝座。
100002_8,15,2953,纱月同学慌张地擦拭自己的眼睛。
100002_8,15,2961,她就这样慢慢地，慢慢地，开始用力。
100002_8,15,2964,这个难道是，她、她想掐我的脖子！
100002_8,15,2973,纱月同学的声音犹如诅咒一般倾泻而下。
100002_8,15,2974,由于太过恐怖，我先一步流下了眼泪……！
100002_8,15,2975,"我就像小动物一样浑身颤抖，而纱月同学她……
　双手——
　并没有用力。"
100002_8,15,2985,"那是——
　纱月同学，一直都不开心。"
100002_8,15,2986,那个人至今为止，无论何时都很开心。
100002_8,15,2987,尤其是让真唯沮丧的时候，更是如此。
100002_8,15,2988,把与我的接吻照片拿给真唯看的时候也是。
100002_8,15,2989,在FPS比赛上，让真唯输得一败涂地的时候也是。
100002_8,15,2990,在考试上，第一次让真唯屈居第二名的时候也是。
100002_8,15,2993,然而，这次明明是，是能让真唯欠下一辈子恩情的机会。
100002_8,15,2994,如果是平常的纱月同学，肯定会缠着真唯不放，说些之类的话。
100002_8,15,2997,这一切肯定都是因为她对自己感到内疚。
100002_8,16,3004,无论是谁，都在挣扎着朝向光芒前进。
100002_8,16,3008,"为什么她会如此坚决地认为，这些我都不清楚……
　但是，她告诉了我她打算做什么。"
100002_8,16,3010,如果仪式真的举行了，我、真唯以及紫阳花同学的关系就会完全结束。
100002_8,16,3013,"既然如此——
　我把手掌伸向月亮，然后，紧紧握住。"
100002_8,16,3018,比以前的任何一场胜负都还要认真。
100002_8,16,3019,要是输了这场战斗，人生就会被夺走。
100002_8,16,3025,能用的手段我都会用，想必也会去拜托真唯，以及紫阳花同学吧。
100002_8,16,3026,而且比起这些，我还有必须要去交谈的人。
100002_8,16,3028,我把纱月同学当作朋友，至今为止被她帮助过好几次，比任何人都感谢她。
100002_8,16,3029,我也真的真的非常喜欢紫阳花同学！
100002_8,16,3031,"因为这是我的人生——

　所以，我们再一次。"
100002_8,16,3036,"jpg

　最久远的记忆，是母亲哭泣的背影。"
100002_8,16,3037,她颤抖的身影实在太娇小，至今仍烙印在纱月的眼底，挥之不去。
100002_8,16,3039,"年幼的纱月这么问，母亲回答：
　——妈妈被爸爸讨厌了。"
100002_8,16,3040,母亲是单亲妈妈，独自将纱月抚养长大。
100002_8,16,3042,纱月从未见过父亲，他们打从一开始就没有登记结婚，实质上是分居状态。
100002_8,16,3043,只是原本迟早会到来的结束，终于到来了。
100002_8,16,3044,纱月在小学高年级时就明白的道理，母亲却不懂。
100002_8,16,3045,——纱月，你不可以变得像妈妈一样哦。
100002_8,16,3048,这句话与愿望，深深烙印在纱月的内心深处。
100002_8,16,3050,大部分是来母亲店里玩的客人，有时是朋友介绍的，或是单纯在街上被搭讪的对象。
100002_8,16,3051,每次母亲都会开心起来，笑容也变多了。
100002_8,16,3052,家里的气氛变得明朗，年幼的纱月也感到高兴。
100002_8,16,3054,母亲反复这么说，但纱月知道那只是谎言。
100002_8,16,3056,不管看起来多么顺利，最后都会以分手收场。
100002_8,16,3057,不知道是对方的问题，还是母亲根本缺乏谈恋爱的才能。
100002_8,16,3060,既然迟早会迎来不幸，幸福就只是暂时的现象。
100002_8,16,3061,纱月渐渐变得不喜欢每天全力生活的母亲。
100002_8,16,3063,为什么她无法理解，事情又会变得不顺利？
100002_8,16,3066,为什么只有自己陪在身边，还是不行？
100002_8,16,3067,纱月安慰母亲好几次，最后这个想法在内心逐渐膨胀。
100002_8,16,3068,为什么一个刚认识的男人，能轻易超越家人这种绝对的羁绊？
100002_8,16,3070,为什么自己必须被这种暧昧的感情摆布，还伤害到重要的人？
100002_8,16,3071,纱月没有找到答案，就这样逐渐长大成人。
100002_8,16,3072,最后，一个无可救药的事实，袭向了纱月。
100002_8,16,3074,放学后，把年幼的女儿独自留在公寓，会有安全上的风险。
100002_8,16,3075,因为纱月从小就是个漂亮的少女。
100002_8,16,3076,虽然也有寄住在母亲老家的日子，但母亲和老家的关系不好，没办法每天都去。
100002_8,16,3078,当她把作业摊在桌上，周围的女性就会一起教她功课。
100002_8,16,3079,大家都说不要变成像我们这样，和母亲说了一样的话，纱月每次都会认真点头，然后被大家取笑。
100002_8,16,3083,每次受到她们的温柔对待，纱月就立刻喜欢上她们。
100002_8,16,3084,当然，当时她完全不认为那是恋爱。
100002_8,16,3086,——自己只要受到温柔对待，就会喜欢上对方。
100002_8,16,3087,明明小孩子憧憬周围的大人，是理所当然的事。
100002_8,16,3088,但是纱月的担忧，不知何时变成了理所当然的疑问。
100002_8,16,3090,纱月开心地对母亲诉说今天发生的事，就在这个时候，眼前突然一片黑暗。
100002_8,16,3093,纱月一边微笑，一边用颤抖的声音说，蒙混过去。
100002_8,16,3094,对任何人都很亲切，仿佛恋爱是人生意义的母亲。
100002_8,16,3097,害怕因为恋爱，扭曲自己的人生。
100002_8,16,3098,害怕总有一天，比起重要的家人，自己会喜欢上突然出现的某个人，让家人陷入不幸。
100002_8,16,3099,所以纱月找了各种借口，不再去母亲的职场。
100002_8,16,3101,害怕自己有一天会变成像母亲那样愚蠢的女人。
100002_8,16,3108,把自己的人生托付给某个人，实在是太愚蠢了。
100002_8,16,3109,而且还会让周围的人陷入不幸，那就更不用说了。
100002_8,16,3110,一辈子都不喜欢上任何人也没关系。
100002_8,16,3111,我只要像现在这样，和母亲两个人一起生活就很幸福了。
100002_8,16,3113,与其重蹈母亲的覆辙，那还不如不要喜欢上任何人。
100002_8,16,3114,虽然对年幼的纱月来说，这种心情还称不上是决心，但已经接近确信了。
100002_8,16,3119,——没错，在她如此成长的过程中。
100002_8,16,3120,在她将高昂的情绪沉入井底，盖上盖子度过的每一天中。
100002_8,16,3121,"琴纱月，终于与转学到小学的那名少女相遇了——


尾声

　东京，涩谷。"
100002_8,16,3122,在夜色渐深的露水还淡淡地残留在玻璃墙面上的高层大楼——Queen rose总部。
100002_8,16,3123,设置在最上层的厚重会客室，是王冢琉音的房间。
100002_8,16,3124,花取如此告知后，王冢琉音深深地坐在椅子上，叹了口气。
100002_8,16,3126,刚才，花取的笔记本电脑屏幕上显示着某个会场。
100002_8,16,3127,那是有着美丽的白木走廊和朱漆柱子，格调很高的和室会场。
100002_8,16,3129,这是琉音的独生女王冢真唯的仪式日期。
100002_8,16,3133,这一切都是为了不让多余的妨碍介入——她一心只想着这件事。
100002_8,16,3134,听到琉音的低语，花取羞愧地低下了头。
100002_8,16,3137,虽然有一段时间迷失了自我，甚至陷入了心脏停止跳动的状况，但只有这份心情是货真价实的。
100002_8,16,3138,和露西与纱月不同——即使周围的人在心里盖下的烙印，花取也打算直到最后都倾听真唯的心愿。
100002_8,16,3139,她打从心底希望真唯和纱月订婚，这是事实。
100002_8,16,3140,但即使如此，就像年幼的琴纱月挺身保护真唯那样，花取也想做正确的事。
100002_8,16,3142,真唯和纱月欺骗琉音，不惜共谋也想守护的女孩，并不是值得守护的存在。
100002_8,16,3143,前几天，花取被琉音叫出来，得知真唯的交往对象脚踏四只船。
100002_8,16,3144,花取因为职业的关系，鉴定过许多模特儿，还以为自己还算有点看人的眼光……。
100002_8,16,3147,正因如此，花取严肃地遵从了琉音的命令。
100002_8,16,3148,——在订婚仪式之前，把丑闻给毁掉。
100002_8,16,3150,警告对方——不准再接近大小姐。
100002_8,16,3153,说实话，花取无法判断这样做是否真的正确。
100002_8,16,3154,但是，她已经没有力气再对相信真唯定下来才是最重要的琉音提出异议了。
100002_8,16,3155,就在这时，琉音放在桌上的手机震动了起来。
100002_8,16,3156,如果花取的记忆没错，这个时间应该没有会议也没有约定才对……。
100002_8,16,3157,琉音把手伸向手机，微微皱起了眉头。
100002_8,16,3158,琉音把手机切换到通话，当场开始讲起了电话。
100002_8,16,3161,"电话的对象是——

　甘织玲奈子。"
100002_8,16,3162,"应该已经被击溃的毒虫，为什么——

　但是她的声音与那天胆怯的她截然不同，充满了力量。"
100002_8,16,3163,"花取不禁——
　产生了某种预感，感觉有什么巨大的事情即将发生。"
100002_8,16,3171,这是因为我不小心按照一页18行来写的。
100002_8,16,3172,本来的文库是一页17行，所以加上这个因素的话，一般都会超过300页。
100002_8,16,3178,但是纱月同学的登场场景却很少？
100002_8,16,3183,大家已经看过恋人不行动画了吗？
100002_8,16,3184,不过我觉得，读过原作但没看过动画的人，基本上是对动画没兴趣的人
100002_8,16,3185,而且，就算这样也完全没关系，只要能读原作我就超开心了
100002_8,16,3192,哎呀，比想象中更热门，吓了我一跳。
100002_8,16,3194,长时间沉浸在百合圈里，我觉得恋人不行已经很清淡了，所以更吃惊。
100002_8,17,3201,在动画里把佛坤改成了法坤的人是我。
100002_8,17,3206,"3：不要相信我的推特
　说起来，以前我在推特"
100002_8,17,3208,上写过，还让维基百科也记载了，但这次我觉得，所以就放弃了。
100002_8,17,3211,4：那么，为什么这次会分成上下两篇呢，我简单地解释一下……
100002_8,17,3214,第二季一直都在描写玲奈子选择不平凡的道路后所面临的试炼。
100002_8,17,3217,就必须再次回味自己选择不平凡的道路是正确的！
100002_8,17,3218,否则，她就会害怕动摇，对放手的决心也会变弱。
100002_8,17,3219,我这么想着，于是追加了原本大纲中没有的场景。
100002_8,17,3220,至于效果如何，还请各位期待下集……我不会让各位等一年的！
100002_8,17,3224,真唯、紫阳花同学和小香穗都有，但要到第二季的第七集才会首次登场。
100002_8,17,3225,也就是说，关于琴纱月，我从构成阶段开始就刻意地缩减了情报。
100002_8,17,3226,"我就是喜欢这种，只有自己才有的谜之坚持的作家……
　也就是说……就是那么回事。"
100002_8,17,3227,下一集，我想琴纱月至今为止都在思考什么，以及她的人生经历，这一切都会明朗化。
100002_8,17,3228,"大概……
　我会竭尽全力，让纱月篇能顺利迎来终幕。"
100002_8,17,3231,对不起啊小香穗……我会写短篇的……。
100002_8,17,3238,还有其他参与本书制作的各位，一直以来谢谢你们！
