aid,title,cover_url,,,,,
2451,「凭你也想讨伐魔王？」被勇者小队逐出队伍，只好在王都自在过活(你这种家伙别想打赢魔王),http://img.wenku8.com/image/2/2451/2451s.jpg,,,,,1
2537,自称贤者弟子的贤者,http://img.wenku8.com/image/2/2537/2537s.jpg,,,,,0
3558,狱门抚子在此,http://img.wenku8.com/image/3/3558/3558s.jpg,,,,,0
4043,雨之塔,http://img.wenku8.com/image/4/4043/4043s.jpg,,,,,1
2756,转生公主与天才千金的魔法革命(转生王女与天才千金的魔法革命),http://img.wenku8.com/image/2/2756/2756s.jpg,,,,,1
2751,我们不可能成为恋人！绝对不行。(※似乎可行？)（我怎么可能成为你的恋人，不行不行！）,http://img.wenku8.com/image/2/2751/2751s.jpg,,,,,1
3961,异界扫灭的战斗女仆,http://img.wenku8.com/image/3/3961/3961s.jpg,,,,,1
3755,碱性劣等生,http://img.wenku8.com/image/3/3755/3755s.jpg,,,,,1
3866,与她女友的不纯初恋,http://img.wenku8.com/image/3/3866/3866s.jpg,,,,,1
4040,夏天的少女归来了,http://img.wenku8.com/image/4/4040/4040s.jpg,,,,,1
3998,班上的公主是我的小狗,http://img.wenku8.com/image/3/3998/3998s.jpg,,,,,1
3519,我买下了与她的每周密会～以五千圆为借口，共度两人时光～(一周一次买下同班同学的那些事),http://img.wenku8.com/image/3/3519/3519s.jpg,,,,,1
4026,花物语,http://img.wenku8.com/image/4/4026/4026s.jpg,,,,,0
3590,Stellar step,http://img.wenku8.com/image/3/3590/3590s.jpg,,,,,0
4014,在揍爆向导天使之后，我当上了死灵术师,http://img.wenku8.com/image/4/4014/4014s.jpg,,,,,0
3210,被夹在百合之间的我，顺势劈腿了(关于被百合夹在中间的我，顺势脚踏两只船这件事),http://img.wenku8.com/image/3/3210/3210s.jpg,,,,,1
3763,心上人的妹妹(我心爱之人的妹妹),http://img.wenku8.com/image/3/3763/3763s.jpg,,,,,1
2255,魔女之旅,http://img.wenku8.com/image/2/2255/2255s.jpg,,,,,0
2480,怕痛的我，把防御力点满就对了,http://img.wenku8.com/image/2/2480/2480s.jpg,,,,,0
3986,谁才是我的百合呢！？,http://img.wenku8.com/image/3/3986/3986s.jpg,,,,,1
2258,高贵魔女 第506统合战斗飞行团,http://img.wenku8.com/image/2/2258/2258s.jpg,,,,,0
3735,少女星间漂流记,http://img.wenku8.com/image/3/3735/3735s.jpg,,,,,0
3885,寂静魔女 索姆斯没人要中队Reboot,http://img.wenku8.com/image/3/3885/3885s.jpg,,,,,0
3964,双星·飓风·离乡人,http://img.wenku8.com/image/3/3964/3964s.jpg,,,,,1
3963,摩卡奇诺-小学生百合短篇集-,http://img.wenku8.com/image/3/3963/3963s.jpg,,,,,1
3962,转生千金卡特娜在异世界追寻梦想成为刀匠！,http://img.wenku8.com/image/3/3962/3962s.jpg,,,,,0
2895,声优广播的幕前幕后(声优广播的台前幕后),http://img.wenku8.com/image/2/2895/2895s.jpg,,,,,0
3611,我的初恋太过羞耻无法对人诉说,http://img.wenku8.com/image/3/3611/3611s.jpg,,,,,0
3917,志乃与恋 Future,http://img.wenku8.com/image/3/3917/3917s.jpg,,,,,1
1683,安达与岛村,http://img.wenku8.com/image/1/1683/1683s.jpg,,,,,1
3785,想成为勇者的少女，与注定成为勇者的她(想要成为勇者的少女，与理应成为勇者的她),http://img.wenku8.com/image/3/3785/3785s.jpg,,,,,1
3585,败给性格恶劣的天才儿时玩伴，初体验全部被她夺走(败给了性格恶劣的天才青梅，初体验全部被夺走这件事),http://img.wenku8.com/image/3/3585/3585s.jpg,,,,,1
3332,我们没有故事,http://img.wenku8.com/image/3/3332/3332s.jpg,,,,,0
3894,两个人是光之美少女,http://img.wenku8.com/image/3/3894/3894s.jpg,,,,,0
3625,捡到小猫，我也仅是小猫,http://img.wenku8.com/image/3/3625/3625s.jpg,,,,,1
3872,人妻教师被班里的女高中生迷的神魂颠倒的故事,http://img.wenku8.com/image/3/3872/3872s.jpg,,,,,1
3863,魔女之旅 学园物语,http://img.wenku8.com/image/3/3863/3863s.jpg,,,,,0
3862,少女所不期望的英雄史诗,http://img.wenku8.com/image/3/3862/3862s.jpg,,,,,1
2441,持续狩猎史莱姆三百年，不知不觉就练到LV MAX,http://img.wenku8.com/image/2/2441/2441s.jpg,,,,,0
3854,鹿乃江同学的左手,http://img.wenku8.com/image/3/3854/3854s.jpg,,,,,1
2792,家里蹲吸血姬的郁闷(家里蹲吸血姬的苦闷),http://img.wenku8.com/image/2/2792/2792s.jpg,,,,,0
2468,里世界远足(里世界郊游),http://img.wenku8.com/image/2/2468/2468s.jpg,,,,,1
3542,CARNEADES,http://img.wenku8.com/image/3/3542/3542s.jpg,,,,,1
3833,在放学后的教室里，恋爱浮现,http://img.wenku8.com/image/3/3833/3833s.jpg,,,,,1
2152,熊熊勇闯异世界,http://img.wenku8.com/image/2/2152/2152s.jpg,,,,,0
3810,经学少女传~考试地狱中的男装大小姐~,http://img.wenku8.com/image/3/3810/3810s.jpg,,,,,0
2651,处刑少女的生存之道,http://img.wenku8.com/image/2/2651/2651s.jpg,,,,,1
2896,将放言说女生之间不可能的女孩子，在百日之内彻底攻陷的百合故事,http://img.wenku8.com/image/2/2896/2896s.jpg,,,,,1
3817,末日尽头的少女背包之旅,http://img.wenku8.com/image/3/3817/3817s.jpg,,,,,1
3816,猫之山宁宁子是猫族,http://img.wenku8.com/image/3/3816/3816s.jpg,,,,,1
3802,谋杀勇者的新娘,http://img.wenku8.com/image/3/3802/3802s.jpg,,,,,1
3800,魔女们的选择 两位魔女的英雄史诗,http://img.wenku8.com/image/3/3800/3800s.jpg,,,,,1
3784,我发现了小小的百合,http://img.wenku8.com/image/3/3784/3784s.jpg,,,,,1
3780,请待在有光的地方,http://img.wenku8.com/image/3/3780/3780s.jpg,,,,,1
3653,区区平民竟敢这么嚣张！,http://img.wenku8.com/image/3/3653/3653s.jpg,,,,,1
3759,只要活着,http://img.wenku8.com/image/3/3759/3759s.jpg,,,,,1
3754,深夜重拳(深夜PUNCH 动画投稿者是吸血鬼！？),http://img.wenku8.com/image/3/3754/3754s.jpg,,,,,0
2971,英雄王，为了穷尽武道而转生～而后成为世界最强见习骑士♀～,http://img.wenku8.com/image/2/2971/2971s.jpg,,,,,
3723,她她,http://img.wenku8.com/image/3/3723/3723s.jpg,,,,,1
3716,初恋Signal,http://img.wenku8.com/image/3/3716/3716s.jpg,,,,,1
3137,身为VTuber的我因为忘记关台而成了传说,http://img.wenku8.com/image/3/3137/3137s.jpg,,,,,0
3703,蜘蛛与制服,http://img.wenku8.com/image/3/3703/3703s.jpg,,,,,1
3693,在这得说猫语,http://img.wenku8.com/image/3/3693/3693s.jpg,,,,,1
3667,四人制姐妹百合物帐,http://img.wenku8.com/image/3/3667/3667s.jpg,,,,,1
3665,你以为我的百合人设只是商业卖点？,http://img.wenku8.com/image/3/3665/3665s.jpg,,,,,1
3639,不动火轮一动不动,http://img.wenku8.com/image/3/3639/3639s.jpg,,,,,1
3432,祈祷之国的莉莉艾儿,http://img.wenku8.com/image/3/3432/3432s.jpg,,,,,0
3560,回忆重叠的乐园战场。接着两人，拿起了武器(少女执利兵于手，相战于交织希望的乐园战场),http://img.wenku8.com/image/3/3560/3560s.jpg,,,,,1
2685,明日的世界将会星光灿烂(明日的世界星光闪耀),http://img.wenku8.com/image/2/2685/2685s.jpg,,,,,1
1990,SAO刀剑神域外传 Gun Gale Online,http://img.wenku8.com/image/1/1990/1990s.jpg,,,,,0
3547,NO推理、NO侦探？,http://img.wenku8.com/image/3/3547/3547s.jpg,,,,,0
3101,菜鸟炼金术师开店营业中(新人炼金术师的店铺经营),http://img.wenku8.com/image/3/3101/3101s.jpg,,,,,0
3525,Lovelive! 虹咲学园偶像同好会 红莲的剑姬~Flamesword Princess~,http://img.wenku8.com/image/3/3525/3525s.jpg,,,,,0
3507,沙漠蔷薇,http://img.wenku8.com/image/3/3507/3507s.jpg,,,,,1
3505,焦点深度,http://img.wenku8.com/image/3/3505/3505s.jpg,,,,,1
2635,我的推是坏人大小姐(我推是反派大小姐),http://img.wenku8.com/image/2/2635/2635s.jpg,,,,,1
3128,我的初恋对象与人接吻了,http://img.wenku8.com/image/3/3128/3128s.jpg,,,,,1
3413,十岁的最强魔导师,http://img.wenku8.com/image/3/3413/3413s.jpg,,,,,0
3412,少女同志，向敌人开枪吧,http://img.wenku8.com/image/3/3412/3412s.jpg,,,,,0
1729,IDOLISING偶像擂台！,http://img.wenku8.com/image/1/1729/1729s.jpg,,,,,1
3406,反派千金沦为庶民,http://img.wenku8.com/image/3/3406/3406s.jpg,,,,,0
3386,猎猫一族之长,http://img.wenku8.com/image/3/3386/3386s.jpg,,,,,1
3375,强袭魔女Memorial Episode 在一起哦,http://img.wenku8.com/image/3/3375/3375s.jpg,,,,,0
2734,为了当剑士而入学，魔法天赋却高达9999！？,http://img.wenku8.com/image/2/2734/2734s.jpg,,,,,0
3316,Lycoris Recoil 莉可丽丝 Ordinary days,http://img.wenku8.com/image/3/3316/3316s.jpg,,,,,0
1810,鹫尾须美是勇者(勇者部系列一),http://img.wenku8.com/image/1/1810/1810s.jpg,,,,,0
3295,结城友奈是勇者 勇者史外典,http://img.wenku8.com/image/3/3295/3295s.jpg,,,,,0
3294,楠芽吹是勇者(勇者部系列四),http://img.wenku8.com/image/3/3294/3294s.jpg,,,,,0
3280,为青年设立的读书俱乐部,http://img.wenku8.com/image/3/3280/3280s.jpg,,,,,0
3275,推偶像三原则,http://img.wenku8.com/image/3/3275/3275s.jpg,,,,,0
3269,所有偶像皆不老的世界,http://img.wenku8.com/image/3/3269/3269s.jpg,,,,,0
3251,最后也是最初的偶像,http://img.wenku8.com/image/3/3251/3251s.jpg,,,,,1
3250,百年文通,http://img.wenku8.com/image/3/3250/3250s.jpg,,,,,1
3249,弗莉达的世界 天上没有的群星,http://img.wenku8.com/image/3/3249/3249s.jpg,,,,,1
255,圣母在上(玛莉亚的凝望),http://img.wenku8.com/image/0/255/255s.jpg,,,,,1
3232,魔女的宠爱,http://img.wenku8.com/image/3/3232/3232s.jpg,,,,,1
2367,DATE A BULLET赤黑新章,http://img.wenku8.com/image/2/2367/2367s.jpg,,,,,0
1868,脑浆炸裂girl,http://img.wenku8.com/image/1/1868/1868s.jpg,,,,,0
2818,碧蓝航线 Episode of Belfast,http://img.wenku8.com/image/2/2818/2818s.jpg,,,,,0
3056,截稿日之前，百合的进度特别快,http://img.wenku8.com/image/3/3056/3056s.jpg,,,,,1
3097,无法忘怀的魔女故事(无法忘却的魔女物语),http://img.wenku8.com/image/3/3097/3097s.jpg,,,,,1
1778,御神乐学园组曲,http://img.wenku8.com/image/1/1778/1778s.jpg,,,,,
3089,海鸟东月的『荒唐事』,http://img.wenku8.com/image/3/3089/3089s.jpg,,,,,0
3078,武士道系列,http://img.wenku8.com/image/3/3078/3078s.jpg,,,,,1
2997,人类的时代结束了，但肚子还是会饿吗？,http://img.wenku8.com/image/2/2997/2997s.jpg,,,,,1
3017,战翼的希格德莉法,http://img.wenku8.com/image/3/3017/3017s.jpg,,,,,0
1414,魔法少女育成计划,http://img.wenku8.com/image/1/1414/1414s.jpg,,,,,1
1500,LOVELIVE！School idol diary(校园偶像日记 μ’s活动日志),http://img.wenku8.com/image/1/1500/1500s.jpg,,,,,0
1020,384403km 绑架你到月球,http://img.wenku8.com/image/1/1020/1020s.jpg,,,,,1
2963,超次元游戏海王星：梦魇时刻？,http://img.wenku8.com/image/2/2963/2963s.jpg,,,,,0
2945,成为女贤者的光秀待在女勇者信长的队伍里面浑身不自在,http://img.wenku8.com/image/2/2945/2945s.jpg,,,,,0
2768,转生前是男的所以逆后宫容我拒绝,http://img.wenku8.com/image/2/2768/2768s.jpg,,,,,0
2920,最后的蓝(End Blue),http://img.wenku8.com/image/2/2920/2920s.jpg,,,,,1
2905,被百合夹击的女子有罪吗？(夹在百合中间的女人，有罪吗？),http://img.wenku8.com/image/2/2905/2905s.jpg,,,,,1
2855,刀使巫女 琉球剑风录,http://img.wenku8.com/image/2/2855/2855s.jpg,,,,,0
2828,降樱的小镇,http://img.wenku8.com/image/2/2828/2828s.jpg,,,,,1
2845,乃木若叶是勇者(勇者部系列三),http://img.wenku8.com/image/2/2845/2845s.jpg,,,,,0
2541,本田小狼与我,http://img.wenku8.com/image/2/2541/2541s.jpg,,,,,0
1215,学生会侦探桐香,http://img.wenku8.com/image/1/1215/1215s.jpg,,,,,0
2812,将这股温度称为你(我会将这份温暖称为你),http://img.wenku8.com/image/2/2812/2812s.jpg,,,,,1
2471,带着外挂转生为公会柜台小姐,http://img.wenku8.com/image/2/2471/2471s.jpg,,,,,0
2410,英雄转世为英雄之女目标再度成为英雄(重生英雄之女的英雄立志再度成为英雄),http://img.wenku8.com/image/2/2410/2410s.jpg,,,,,0
2788,将放言说不会输的高颜值女孩，全力征服的百合故事,http://img.wenku8.com/image/2/2788/2788s.jpg,,,,,1
2773,野花通信(野野小花通信),http://img.wenku8.com/image/2/2773/2773s.jpg,,,,,1
2291,少女妄想中,http://img.wenku8.com/image/2/2291/2291s.jpg,,,,,1
2482,终将成为你 关于佐伯沙弥香(终将成为你 佐伯沙弥香的追忆),http://img.wenku8.com/image/2/2482/2482s.jpg,,,,,1
1610,舰队收藏(舰队Collection 阳炎，起锚！),http://img.wenku8.com/image/1/1610/1610s.jpg,,,,,0
1845,合奏女孩！,http://img.wenku8.com/image/1/1845/1845s.jpg,,,,,0
2689,冰川双子的生活,http://img.wenku8.com/image/2/2689/2689s.jpg,,,,,1
2418,你好哇，暗杀者,http://img.wenku8.com/image/2/2418/2418s.jpg,,,,,0
2306,Re:Stage！,http://img.wenku8.com/image/2/2306/2306s.jpg,,,,,0
2661,相隔101米的爱恋,http://img.wenku8.com/image/2/2661/2661s.jpg,,,,,1
2680,Everlasting,http://img.wenku8.com/image/2/2680/2680s.jpg,,,,,1
2659,齿轮驱动,http://img.wenku8.com/image/2/2659/2659s.jpg,,,,,0
2314,童话魔法使(原书·原书使),http://img.wenku8.com/image/2/2314/2314s.jpg,,,,,0
2562,大和抚子向前冲！管它以后会怎样！,http://img.wenku8.com/image/2/2562/2562s.jpg,,,,,1
2543,朋友以上侦探未满,http://img.wenku8.com/image/2/2543/2543s.jpg,,,,,0
2496,幸会，食人鬼。,http://img.wenku8.com/image/2/2496/2496s.jpg,,,,,0
2492,在世界终焉的花园,http://img.wenku8.com/image/2/2492/2492s.jpg,,,,,1
2131,为了拯救世界的那一天─Qualidea Code─(为了终有一天能拯救世界),http://img.wenku8.com/image/2/2131/2131s.jpg,,,,,1
2464,无法成为神明的少女,http://img.wenku8.com/image/2/2464/2464s.jpg,,,,,1
2438,Cheers!爱的鼓励,http://img.wenku8.com/image/2/2438/2438s.jpg,,,,,0
2431,她与我的末日旅行,http://img.wenku8.com/image/2/2431/2431s.jpg,,,,,1
2138,OBSTACLE Series 激战的魔女之夜,http://img.wenku8.com/image/2/2138/2138s.jpg,,,,,0
2235,四季之后4 cours after,http://img.wenku8.com/image/2/2235/2235s.jpg,,,,,1
2300,虹色异星人,http://img.wenku8.com/image/2/2300/2300s.jpg,,,,,0
1819,舰队收藏(舰队Collection 鹤翼之绊),http://img.wenku8.com/image/1/1819/1819s.jpg,,,,,0
1577,妮娜与兔子与魔法战车,http://img.wenku8.com/image/1/1577/1577s.jpg,,,,,0
1966,绯弹的亚莉亚AA(绯弹的亚里亚AA),http://img.wenku8.com/image/1/1966/1966s.jpg,,,,,0
2099,Aster girl（紫菀少女）,http://img.wenku8.com/image/2/2099/2099s.jpg,,,,,1
531,苍穹女武神(苍穹的驱真),http://img.wenku8.com/image/0/531/531s.jpg,,,,,0
583,菩提树庄的暗狩姬,http://img.wenku8.com/image/0/583/583s.jpg,,,,,1
1833,生存意义空想,http://img.wenku8.com/image/1/1833/1833s.jpg,,,,,1
208,幽灵恋人,http://img.wenku8.com/image/0/208/208s.jpg,,,,,1
1609,月下魔女,http://img.wenku8.com/image/1/1609/1609s.jpg,,,,,0
1751,樱神乐,http://img.wenku8.com/image/1/1751/1751s.jpg,,,,,0
1698,幽灵列车与金平糖,http://img.wenku8.com/image/1/1698/1698s.jpg,,,,,1
1677,少女与战车,http://img.wenku8.com/image/1/1677/1677s.jpg,,,,,0
1674,蛮憨女侦探事件簿,http://img.wenku8.com/image/1/1674/1674s.jpg,,,,,0
1642,天空的莉莉娅,http://img.wenku8.com/image/1/1642/1642s.jpg,,,,,1
1643,傀儡师神乐,http://img.wenku8.com/image/1/1643/1643s.jpg,,,,,1
1601,超次元游戏海王星,http://img.wenku8.com/image/1/1601/1601s.jpg,,,,,0
1255,某僵尸少女的灾难,http://img.wenku8.com/image/1/1255/1255s.jpg,,,,,0
677,神明大人会把笑心○○○？,http://img.wenku8.com/image/0/677/677s.jpg,,,,,1
1294,茜色交响曲,http://img.wenku8.com/image/1/1294/1294s.jpg,,,,,0
1091,强袭魔女 乙女之章,http://img.wenku8.com/image/1/1091/1091s.jpg,,,,,0
82,七姬物语,http://img.wenku8.com/image/0/82/82s.jpg,,,,,0
149,钢铁白兔骑士团,http://img.wenku8.com/image/0/149/149s.jpg,,,,,0
1156,STITCH裁缝少女,http://img.wenku8.com/image/1/1156/1156s.jpg,,,,,0
1115,魔法少女小圆,http://img.wenku8.com/image/1/1115/1115s.jpg,,,,,1
1021,侦探歌剧MilkyHomes～overture～,http://img.wenku8.com/image/1/1021/1021s.jpg,,,,,0
301,简单易懂的现代魔法,http://img.wenku8.com/image/0/301/301s.jpg,,,,,0
972,如果杜拉(假如高中棒球部的女经理读了德鲁克的《管理学》),http://img.wenku8.com/image/0/972/972s.jpg,,,,,0
952,拜托了，莉莉丝,http://img.wenku8.com/image/0/952/952s.jpg,,,,,0
401,德鲁伊来啰!,http://img.wenku8.com/image/0/401/401s.jpg,,,,,0
60,糖果子弹,http://img.wenku8.com/image/0/60/60s.jpg,,,,,1
929,心生研究社,http://img.wenku8.com/image/0/929/929s.jpg,,,,,1
452,菖蒲的少女革命！,http://img.wenku8.com/image/0/452/452s.jpg,,,,,1
143,高中女神,http://img.wenku8.com/image/0/143/143s.jpg,,,,,0
203,战斗！暴风少女！,http://img.wenku8.com/image/0/203/203s.jpg,,,,,0
915,发明工坊 星降日记,http://img.wenku8.com/image/0/915/915s.jpg,,,,,1
251,魔学诡术士,http://img.wenku8.com/image/0/251/251s.jpg,,,,,0
298,卡莲坂高中可爱广播社,http://img.wenku8.com/image/0/298/298s.jpg,,,,,1
343,静流姐系列,http://img.wenku8.com/image/0/343/343s.jpg,,,,,0
349,BLACK SHEEP 圣夜迷途的黑羊,http://img.wenku8.com/image/0/349/349s.jpg,,,,,1
391,眼镜少女 HOLIC,http://img.wenku8.com/image/0/391/391s.jpg,,,,,1
444,幸运星官方小说,http://img.wenku8.com/image/0/444/444s.jpg,,,,,0
499,香草追击 A sweet partner,http://img.wenku8.com/image/0/499/499s.jpg,,,,,1
519,向阳素描 欢迎来到向阳庄,http://img.wenku8.com/image/0/519/519s.jpg,,,,,0
595,叛红猎杀,http://img.wenku8.com/image/0/595/595s.jpg,,,,,0
643,PiPit!!天线少女,http://img.wenku8.com/image/0/643/643s.jpg,,,,,0
655,simoun 祈舞,http://img.wenku8.com/image/0/655/655s.jpg,,,,,1
657,舞-HiME★DESTINY 龙之巫女,http://img.wenku8.com/image/0/657/657s.jpg,,,,,1
894,紫色的Qualia,http://img.wenku8.com/image/0/894/894s.jpg,,,,,1
577,强袭魔女,http://img.wenku8.com/image/0/577/577s.jpg,,,,,0
806,红线 绊之记忆,http://img.wenku8.com/image/0/806/806s.jpg,,,,,1
124,惊爆草莓,http://img.wenku8.com/image/0/124/124s.jpg,,,,,1
667,野花——在那花不开的世界,http://img.wenku8.com/image/0/667/667s.jpg,,,,,1
516,幸运星 悠闲的日子,http://img.wenku8.com/image/0/516/516s.jpg,,,,,0
486,最后的彼得潘,http://img.wenku8.com/image/0/486/486s.jpg,,,,,0
