filename,bookid,volumeid,label,pred_prob,title
1020_29857.txt,1020,29857,1.0,0.7919808869969521,384403km 绑架你到月球
1021_29936.txt,1021,29936,0.0,0.2002199321747788,侦探歌剧MilkyHomes～overture～
1091_32943.txt,1091,32943,0.0,0.0917017358455625,强袭魔女 乙女之章
1091_34133.txt,1091,34133,0.0,0.0751267191700598,强袭魔女 乙女之章
1091_35467.txt,1091,35467,0.0,0.0874385424712943,强袭魔女 乙女之章
1091_40035.txt,1091,40035,0.0,0.1953096610566548,强袭魔女 乙女之章
1115_33933.txt,1115,33933,1.0,0.65989225903508,魔法少女小圆
1115_33942.txt,1115,33942,1.0,0.6809089826287232,魔法少女小圆
1156_35334.txt,1156,35334,0.0,0.3960363563521539,STITCH裁缝少女
1215_112296.txt,1215,112296,0.0,0.3497102843191729,学生会侦探桐香
1215_37600.txt,1215,37600,0.0,0.8435856663669931,学生会侦探桐香
1215_45500.txt,1215,45500,0.0,0.803346847964886,学生会侦探桐香
1215_50634.txt,1215,50634,0.0,0.4855294940706847,学生会侦探桐香
1215_53513.txt,1215,53513,0.0,0.4095481937516414,学生会侦探桐香
1215_59762.txt,1215,59762,0.0,0.4251087973704051,学生会侦探桐香
1215_69536.txt,1215,69536,0.0,0.3890986815503803,学生会侦探桐香
124_19644.txt,124,19644,1.0,0.7627010997651368,惊爆草莓
124_19645.txt,124,19645,1.0,0.9565652984007263,惊爆草莓
124_6298.txt,124,6298,1.0,0.5713248323395054,惊爆草莓
1255_39335.txt,1255,39335,0.0,0.0938176853672508,某僵尸少女的灾难
1255_51028.txt,1255,51028,0.0,0.1296914589653169,某僵尸少女的灾难
1414_104755.txt,1414,104755,1.0,0.8453664674073937,魔法少女育成计划
1414_104765.txt,1414,104765,1.0,0.7335136167481274,魔法少女育成计划
1414_108915.txt,1414,108915,1.0,0.9765256076198288,魔法少女育成计划
1414_108917.txt,1414,108917,1.0,0.5353213457164226,魔法少女育成计划
1414_119795.txt,1414,119795,1.0,0.6071100205158182,魔法少女育成计划
1414_122209.txt,1414,122209,1.0,0.6889390326963052,魔法少女育成计划
1414_122955.txt,1414,122955,1.0,0.7117684155618469,魔法少女育成计划
1414_123397.txt,1414,123397,1.0,0.7007849002518821,魔法少女育成计划
1414_46255.txt,1414,46255,1.0,0.6977358497376427,魔法少女育成计划
1414_71258.txt,1414,71258,1.0,0.6772415935386443,魔法少女育成计划
1414_72715.txt,1414,72715,1.0,0.7113702774416122,魔法少女育成计划
143_6832.txt,143,6832,0.0,0.2524154378133076,高中女神
149_12765.txt,149,12765,0.0,0.1394117051676482,钢铁白兔骑士团
149_13629.txt,149,13629,0.0,0.3538818754878181,钢铁白兔骑士团
149_20210.txt,149,20210,0.0,0.2813968814259054,钢铁白兔骑士团
149_26295.txt,149,26295,0.0,0.157008676675097,钢铁白兔骑士团
149_30340.txt,149,30340,0.0,0.1330320947192241,钢铁白兔骑士团
149_30348.txt,149,30348,0.0,0.1754340543213683,钢铁白兔骑士团
149_35193.txt,149,35193,0.0,0.231713474073909,钢铁白兔骑士团
149_7019.txt,149,7019,0.0,0.3684530663670932,钢铁白兔骑士团
149_7020.txt,149,7020,0.0,0.3227496767630669,钢铁白兔骑士团
149_7021.txt,149,7021,0.0,0.473649751530503,钢铁白兔骑士团
149_7022.txt,149,7022,0.0,0.3109157342232859,钢铁白兔骑士团
1577_52891.txt,1577,52891,0.0,0.3010031365310596,妮娜与兔子与魔法战车
1577_62172.txt,1577,62172,0.0,0.4029871641111328,妮娜与兔子与魔法战车
1577_78877.txt,1577,78877,0.0,0.3545235550685052,妮娜与兔子与魔法战车
1601_54275.txt,1601,54275,0.0,0.6197902365420711,超次元游戏海王星
1609_54583.txt,1609,54583,0.0,0.3410197397349368,月下魔女
1609_61847.txt,1609,61847,0.0,0.5582063868643108,月下魔女
1610_54619.txt,1610,54619,0.0,0.3334813629927932,舰队收藏(舰队Collection 阳炎，起锚！)
1610_61794.txt,1610,61794,0.0,0.1096166013346564,舰队收藏(舰队Collection 阳炎，起锚！)
1610_62011.txt,1610,62011,0.0,0.0783371099900384,舰队收藏(舰队Collection 阳炎，起锚！)
1610_74433.txt,1610,74433,0.0,0.0802146497755089,舰队收藏(舰队Collection 阳炎，起锚！)
1610_74947.txt,1610,74947,0.0,0.0815905366032509,舰队收藏(舰队Collection 阳炎，起锚！)
1610_78156.txt,1610,78156,0.0,0.1030336140228267,舰队收藏(舰队Collection 阳炎，起锚！)
1610_80029.txt,1610,80029,0.0,0.0804538579165231,舰队收藏(舰队Collection 阳炎，起锚！)
1642_55559.txt,1642,55559,1.0,0.2776218739458074,天空的莉莉娅
1643_55576.txt,1643,55576,1.0,0.8922883279857586,傀儡师神乐
1674_56782.txt,1674,56782,0.0,0.7837414820538665,蛮憨女侦探事件簿
1677_56909.txt,1677,56909,0.0,0.2151756432659862,少女与战车
1677_56910.txt,1677,56910,0.0,0.21153767333268,少女与战车
1683_115965.txt,1683,115965,1.0,0.4747633128471313,安达与岛村
1683_117332.txt,1683,117332,1.0,0.7027454147322155,安达与岛村
1683_125053.txt,1683,125053,1.0,0.7314410197924921,安达与岛村
1683_139072.txt,1683,139072,1.0,0.7740344299546994,安达与岛村
1683_148767.txt,1683,148767,1.0,0.8787762363894309,安达与岛村
1683_159554.txt,1683,159554,1.0,0.918533723718734,安达与岛村
1683_160185.txt,1683,160185,1.0,0.8368304249261381,安达与岛村
1683_57157.txt,1683,57157,1.0,0.859391102425243,安达与岛村
1683_72353.txt,1683,72353,1.0,0.9461537028202645,安达与岛村
1683_72363.txt,1683,72363,1.0,0.943607731281642,安达与岛村
1683_72396.txt,1683,72396,1.0,0.8817726540693155,安达与岛村
1683_72409.txt,1683,72409,1.0,0.8227556031199462,安达与岛村
1683_81033.txt,1683,81033,1.0,0.8433443068192297,安达与岛村
1683_81043.txt,1683,81043,1.0,0.7877182195756266,安达与岛村
1683_97801.txt,1683,97801,1.0,0.6216587865986574,安达与岛村
1683_99285.txt,1683,99285,1.0,0.6319906391565702,安达与岛村
1698_57756.txt,1698,57756,1.0,0.8095256458473745,幽灵列车与金平糖
1729_58906.txt,1729,58906,1.0,0.2522345923109297,IDOLISING偶像擂台！
1729_68779.txt,1729,68779,1.0,0.2378657963606492,IDOLISING偶像擂台！
1751_59858.txt,1751,59858,0.0,0.7515411858361503,樱神乐
1819_63214.txt,1819,63214,0.0,0.1938351907437783,舰队收藏(舰队Collection 鹤翼之绊)
1819_65557.txt,1819,65557,0.0,0.1737414638053267,舰队收藏(舰队Collection 鹤翼之绊)
1819_68669.txt,1819,68669,0.0,0.1997904441658794,舰队收藏(舰队Collection 鹤翼之绊)
1819_74151.txt,1819,74151,0.0,0.1739622707340531,舰队收藏(舰队Collection 鹤翼之绊)
1819_74187.txt,1819,74187,0.0,0.1848083706255038,舰队收藏(舰队Collection 鹤翼之绊)
1819_80022.txt,1819,80022,0.0,0.1615034073548892,舰队收藏(舰队Collection 鹤翼之绊)
1833_63846.txt,1833,63846,1.0,0.7906666033670839,生存意义空想
1845_64615.txt,1845,64615,0.0,0.3302465155112392,合奏女孩！
1845_66108.txt,1845,66108,0.0,0.5709195005047946,合奏女孩！
1868_124370.txt,1868,124370,0.0,0.1252352602483186,脑浆炸裂girl
1868_132065.txt,1868,132065,0.0,0.6312133625601464,脑浆炸裂girl
1868_132354.txt,1868,132354,0.0,0.557718485181981,脑浆炸裂girl
1868_65575.txt,1868,65575,0.0,0.4032314583935693,脑浆炸裂girl
1868_67542.txt,1868,67542,0.0,0.37708276426954,脑浆炸裂girl
1868_73585.txt,1868,73585,0.0,0.1483619234991222,脑浆炸裂girl
1966_69040.txt,1966,69040,0.0,0.1796490648237524,绯弹的亚莉亚AA(绯弹的亚里亚AA)
1966_73874.txt,1966,73874,0.0,0.1929911000717704,绯弹的亚莉亚AA(绯弹的亚里亚AA)
1966_75787.txt,1966,75787,0.0,0.1894276727505062,绯弹的亚莉亚AA(绯弹的亚里亚AA)
1966_77579.txt,1966,77579,0.0,0.2002371666364149,绯弹的亚莉亚AA(绯弹的亚里亚AA)
1990_113126.txt,1990,113126,0.0,0.1238122787110942,SAO刀剑神域外传 Gun Gale Online
1990_116250.txt,1990,116250,0.0,0.1198330118838503,SAO刀剑神域外传 Gun Gale Online
1990_134304.txt,1990,134304,0.0,0.1082772156778194,SAO刀剑神域外传 Gun Gale Online
1990_142308.txt,1990,142308,0.0,0.1098325449360024,SAO刀剑神域外传 Gun Gale Online
1990_147036.txt,1990,147036,0.0,0.1015057617686413,SAO刀剑神域外传 Gun Gale Online
1990_150239.txt,1990,150239,0.0,0.1087988369645256,SAO刀剑神域外传 Gun Gale Online
1990_70386.txt,1990,70386,0.0,0.1427981178411719,SAO刀剑神域外传 Gun Gale Online
1990_70731.txt,1990,70731,0.0,0.141145633580508,SAO刀剑神域外传 Gun Gale Online
1990_85340.txt,1990,85340,0.0,0.1240071680279547,SAO刀剑神域外传 Gun Gale Online
1990_86235.txt,1990,86235,0.0,0.133309055204469,SAO刀剑神域外传 Gun Gale Online
1990_89877.txt,1990,89877,0.0,0.1203300329600099,SAO刀剑神域外传 Gun Gale Online
1990_89890.txt,1990,89890,0.0,0.128476700975046,SAO刀剑神域外传 Gun Gale Online
1990_91522.txt,1990,91522,0.0,0.1568208771816851,SAO刀剑神域外传 Gun Gale Online
203_19475.txt,203,19475,0.0,0.4414754123360273,战斗！暴风少女！
203_8499.txt,203,8499,0.0,0.8103161374939731,战斗！暴风少女！
208_8558.txt,208,8558,1.0,0.9297355851953492,幽灵恋人
208_8564.txt,208,8564,1.0,0.8400082692389435,幽灵恋人
208_8571.txt,208,8571,1.0,0.8695911647403459,幽灵恋人
208_8577.txt,208,8577,1.0,0.6081535657662498,幽灵恋人
2099_75597.txt,2099,75597,1.0,0.842372225923199,Aster girl（紫菀少女）
2131_77090.txt,2131,77090,1.0,0.2628014267560883,为了拯救世界的那一天─Qualidea Code─(为了终有一天能拯救世界)
2131_82072.txt,2131,82072,1.0,0.4705022992668488,为了拯救世界的那一天─Qualidea Code─(为了终有一天能拯救世界)
2138_77304.txt,2138,77304,0.0,0.1091710259861813,OBSTACLE Series 激战的魔女之夜
2138_81005.txt,2138,81005,0.0,0.1104953303832096,OBSTACLE Series 激战的魔女之夜
2138_86516.txt,2138,86516,0.0,0.1662477388552702,OBSTACLE Series 激战的魔女之夜
2138_90034.txt,2138,90034,0.0,0.1147252407566009,OBSTACLE Series 激战的魔女之夜
2152_106047.txt,2152,106047,0.0,0.3729011899361683,熊熊勇闯异世界
2152_109918.txt,2152,109918,0.0,0.2899999829467584,熊熊勇闯异世界
2152_112766.txt,2152,112766,0.0,0.459855830866846,熊熊勇闯异世界
2152_112870.txt,2152,112870,0.0,0.3045974735574492,熊熊勇闯异世界
2152_113497.txt,2152,113497,0.0,0.2911081026412391,熊熊勇闯异世界
2152_114477.txt,2152,114477,0.0,0.640461241136866,熊熊勇闯异世界
2152_115107.txt,2152,115107,0.0,0.3924679905348122,熊熊勇闯异世界
2152_117475.txt,2152,117475,0.0,0.3517224225193133,熊熊勇闯异世界
2152_119565.txt,2152,119565,0.0,0.3391957078514279,熊熊勇闯异世界
2152_128293.txt,2152,128293,0.0,0.3514854863559078,熊熊勇闯异世界
2152_131798.txt,2152,131798,0.0,0.3230433307874958,熊熊勇闯异世界
2152_137195.txt,2152,137195,0.0,0.3579422691290154,熊熊勇闯异世界
2152_139562.txt,2152,139562,0.0,0.3829677041701788,熊熊勇闯异世界
2152_141783.txt,2152,141783,0.0,0.2965795369611057,熊熊勇闯异世界
2152_145859.txt,2152,145859,0.0,0.2554480787369451,熊熊勇闯异世界
2152_159173.txt,2152,159173,0.0,0.1823818956861901,熊熊勇闯异世界
2152_77900.txt,2152,77900,0.0,0.2614748239818441,熊熊勇闯异世界
2152_79067.txt,2152,79067,0.0,0.2572117812190247,熊熊勇闯异世界
2152_80684.txt,2152,80684,0.0,0.2676499901443928,熊熊勇闯异世界
2152_82625.txt,2152,82625,0.0,0.4140298848059641,熊熊勇闯异世界
2152_86579.txt,2152,86579,0.0,0.2441263040487638,熊熊勇闯异世界
2152_89132.txt,2152,89132,0.0,0.3661029374786524,熊熊勇闯异世界
2152_92927.txt,2152,92927,0.0,0.448217208548673,熊熊勇闯异世界
2152_97205.txt,2152,97205,0.0,0.3891086819707228,熊熊勇闯异世界
2235_81534.txt,2235,81534,1.0,0.3067821047546529,四季之后4 cours after
2235_90022.txt,2235,90022,1.0,0.2624666109955314,四季之后4 cours after
2255_100338.txt,2255,100338,0.0,0.4719497780298888,魔女之旅
2255_100339.txt,2255,100339,0.0,0.4793158936824557,魔女之旅
2255_102172.txt,2255,102172,0.0,0.4185251162854827,魔女之旅
2255_104473.txt,2255,104473,0.0,0.4243917722068653,魔女之旅
2255_104788.txt,2255,104788,0.0,0.3813944833060868,魔女之旅
2255_108413.txt,2255,108413,0.0,0.5129066105294433,魔女之旅
2255_110452.txt,2255,110452,0.0,0.3672564675274418,魔女之旅
2255_110545.txt,2255,110545,0.0,0.3786034822663546,魔女之旅
2255_114032.txt,2255,114032,0.0,0.3571463353998976,魔女之旅
2255_120784.txt,2255,120784,0.0,0.361366166728921,魔女之旅
2255_120785.txt,2255,120785,0.0,0.3667776370776019,魔女之旅
2255_129283.txt,2255,129283,0.0,0.6034539238756366,魔女之旅
2255_142921.txt,2255,142921,0.0,0.4682105726200897,魔女之旅
2255_144017.txt,2255,144017,0.0,0.2692975177852281,魔女之旅
2255_149789.txt,2255,149789,0.0,0.2483497523539608,魔女之旅
2255_154587.txt,2255,154587,0.0,0.2785544342501681,魔女之旅
2255_160649.txt,2255,160649,0.0,0.2255981745451553,魔女之旅
2255_165709.txt,2255,165709,0.0,0.3340998142935026,魔女之旅
2255_82490.txt,2255,82490,0.0,0.4343673383746987,魔女之旅
2255_87549.txt,2255,87549,0.0,0.394253110911911,魔女之旅
2255_91205.txt,2255,91205,0.0,0.40063468039425,魔女之旅
2255_94086.txt,2255,94086,0.0,0.4850457886469825,魔女之旅
2255_97803.txt,2255,97803,0.0,0.5325334758685154,魔女之旅
2255_98786.txt,2255,98786,0.0,0.5495543952334623,魔女之旅
2255_99805.txt,2255,99805,0.0,0.3447950576421183,魔女之旅
2258_164542.txt,2258,164542,0.0,0.2089943876052498,高贵魔女 第506统合战斗飞行团
2258_164551.txt,2258,164551,0.0,0.211937440240478,高贵魔女 第506统合战斗飞行团
2258_164560.txt,2258,164560,0.0,0.1989268168568106,高贵魔女 第506统合战斗飞行团
2258_164661.txt,2258,164661,0.0,0.2031390338496564,高贵魔女 第506统合战斗飞行团
2258_164670.txt,2258,164670,0.0,0.203680735583471,高贵魔女 第506统合战斗飞行团
2258_82574.txt,2258,82574,0.0,0.1710649416819451,高贵魔女 第506统合战斗飞行团
2258_86246.txt,2258,86246,0.0,0.2213031466014601,高贵魔女 第506统合战斗飞行团
2258_86255.txt,2258,86255,0.0,0.2317204858619148,高贵魔女 第506统合战斗飞行团
2291_106328.txt,2291,106328,1.0,0.8330813352196934,少女妄想中
2291_84182.txt,2291,84182,1.0,0.7811010470756001,少女妄想中
2300_84761.txt,2300,84761,0.0,0.8840126360328184,虹色异星人
2306_84905.txt,2306,84905,0.0,0.3143269926163895,Re:Stage！
2306_98863.txt,2306,98863,0.0,0.2505772302224253,Re:Stage！
2306_98864.txt,2306,98864,0.0,0.2558305751344217,Re:Stage！
2314_85321.txt,2314,85321,0.0,0.3552362324747328,童话魔法使(原书·原书使)
2314_91290.txt,2314,91290,0.0,0.3668318238597801,童话魔法使(原书·原书使)
2314_91365.txt,2314,91365,0.0,0.3161330353250438,童话魔法使(原书·原书使)
2314_97462.txt,2314,97462,0.0,0.2487408307328244,童话魔法使(原书·原书使)
2367_109978.txt,2367,109978,0.0,0.2090788432194666,DATE A BULLET赤黑新章
2367_117201.txt,2367,117201,0.0,0.1814555900621539,DATE A BULLET赤黑新章
2367_128760.txt,2367,128760,0.0,0.3904317938054719,DATE A BULLET赤黑新章
2367_133856.txt,2367,133856,0.0,0.2816745600180406,DATE A BULLET赤黑新章
2367_87720.txt,2367,87720,0.0,0.1694020848530587,DATE A BULLET赤黑新章
2367_87736.txt,2367,87736,0.0,0.1686257627278605,DATE A BULLET赤黑新章
2367_90830.txt,2367,90830,0.0,0.2429896696789566,DATE A BULLET赤黑新章
2367_93911.txt,2367,93911,0.0,0.1631946680649641,DATE A BULLET赤黑新章
2367_97745.txt,2367,97745,0.0,0.233034110665835,DATE A BULLET赤黑新章
2410_110426.txt,2410,110426,0.0,0.5057554025699476,英雄转世为英雄之女目标再度成为英雄(重生英雄之女的英雄立志再度成为英雄)
2410_89519.txt,2410,89519,0.0,0.6114751573258577,英雄转世为英雄之女目标再度成为英雄(重生英雄之女的英雄立志再度成为英雄)
2410_97497.txt,2410,97497,0.0,0.4443594783754602,英雄转世为英雄之女目标再度成为英雄(重生英雄之女的英雄立志再度成为英雄)
2418_89871.txt,2418,89871,0.0,0.8298470761051796,你好哇，暗杀者
2431_90434.txt,2431,90434,1.0,0.821288561586816,她与我的末日旅行
2438_90975.txt,2438,90975,0.0,0.25733406052911,Cheers!爱的鼓励
2438_91540.txt,2438,91540,0.0,0.3259554639601393,Cheers!爱的鼓励
2441_103769.txt,2441,103769,0.0,0.1908288403659101,持续狩猎史莱姆三百年，不知不觉就练到LV MAX
2441_106148.txt,2441,106148,0.0,0.2018807643356897,持续狩猎史莱姆三百年，不知不觉就练到LV MAX
2441_111561.txt,2441,111561,0.0,0.1735857942640418,持续狩猎史莱姆三百年，不知不觉就练到LV MAX
2441_113367.txt,2441,113367,0.0,0.2497546714903568,持续狩猎史莱姆三百年，不知不觉就练到LV MAX
2441_116433.txt,2441,116433,0.0,0.204262717508492,持续狩猎史莱姆三百年，不知不觉就练到LV MAX
2441_119910.txt,2441,119910,0.0,0.1905537247585405,持续狩猎史莱姆三百年，不知不觉就练到LV MAX
2441_125778.txt,2441,125778,0.0,0.2167386601665717,持续狩猎史莱姆三百年，不知不觉就练到LV MAX
2441_130740.txt,2441,130740,0.0,0.2137763276360105,持续狩猎史莱姆三百年，不知不觉就练到LV MAX
2441_140313.txt,2441,140313,0.0,0.238589054701152,持续狩猎史莱姆三百年，不知不觉就练到LV MAX
2441_147727.txt,2441,147727,0.0,0.1402760098834964,持续狩猎史莱姆三百年，不知不觉就练到LV MAX
2441_150529.txt,2441,150529,0.0,0.1795738849960281,持续狩猎史莱姆三百年，不知不觉就练到LV MAX
2441_91100.txt,2441,91100,0.0,0.212562650242449,持续狩猎史莱姆三百年，不知不觉就练到LV MAX
2441_91746.txt,2441,91746,0.0,0.2204455385431163,持续狩猎史莱姆三百年，不知不觉就练到LV MAX
2441_94749.txt,2441,94749,0.0,0.1810287593440699,持续狩猎史莱姆三百年，不知不觉就练到LV MAX
2441_98122.txt,2441,98122,0.0,0.210909976200481,持续狩猎史莱姆三百年，不知不觉就练到LV MAX
2451_116164.txt,2451,116164,1.0,0.4133630617227338,「凭你也想讨伐魔王？」被勇者小队逐出队伍，只好在王都自在过活(你这种家伙别想打赢魔王)
2451_127924.txt,2451,127924,1.0,0.2389965179350818,「凭你也想讨伐魔王？」被勇者小队逐出队伍，只好在王都自在过活(你这种家伙别想打赢魔王)
2451_137549.txt,2451,137549,1.0,0.3607801720222767,「凭你也想讨伐魔王？」被勇者小队逐出队伍，只好在王都自在过活(你这种家伙别想打赢魔王)
2451_164214.txt,2451,164214,1.0,0.341937684435785,「凭你也想讨伐魔王？」被勇者小队逐出队伍，只好在王都自在过活(你这种家伙别想打赢魔王)
2451_91489.txt,2451,91489,1.0,0.4621344434885387,「凭你也想讨伐魔王？」被勇者小队逐出队伍，只好在王都自在过活(你这种家伙别想打赢魔王)
2451_94926.txt,2451,94926,1.0,0.448520612619657,「凭你也想讨伐魔王？」被勇者小队逐出队伍，只好在王都自在过活(你这种家伙别想打赢魔王)
2464_92235.txt,2464,92235,1.0,0.9088275206916588,无法成为神明的少女
2468_114697.txt,2468,114697,1.0,0.6908303724849422,里世界远足(里世界郊游)
2468_114701.txt,2468,114701,1.0,0.6033670375815319,里世界远足(里世界郊游)
2468_115960.txt,2468,115960,1.0,0.6284493148608709,里世界远足(里世界郊游)
2468_122234.txt,2468,122234,1.0,0.8008373998563068,里世界远足(里世界郊游)
2468_129551.txt,2468,129551,1.0,0.871327018355404,里世界远足(里世界郊游)
2468_144039.txt,2468,144039,1.0,0.923534026846496,里世界远足(里世界郊游)
2468_160019.txt,2468,160019,1.0,0.6002078438295613,里世界远足(里世界郊游)
2468_92542.txt,2468,92542,1.0,0.8289593330690488,里世界远足(里世界郊游)
2468_98528.txt,2468,98528,1.0,0.7288060393567897,里世界远足(里世界郊游)
2471_101712.txt,2471,101712,0.0,0.1826912233751311,带着外挂转生为公会柜台小姐
2471_101717.txt,2471,101717,0.0,0.1770038106252688,带着外挂转生为公会柜台小姐
2471_107289.txt,2471,107289,0.0,0.1238522696875871,带着外挂转生为公会柜台小姐
2471_111398.txt,2471,111398,0.0,0.1593285301498686,带着外挂转生为公会柜台小姐
2471_92679.txt,2471,92679,0.0,0.1296554429321475,带着外挂转生为公会柜台小姐
2471_95234.txt,2471,95234,0.0,0.1424803128766803,带着外挂转生为公会柜台小姐
2480_101626.txt,2480,101626,0.0,0.1270519451096932,怕痛的我，把防御力点满就对了
2480_103680.txt,2480,103680,0.0,0.1409888489107597,怕痛的我，把防御力点满就对了
2480_107832.txt,2480,107832,0.0,0.1681812869648623,怕痛的我，把防御力点满就对了
2480_112484.txt,2480,112484,0.0,0.1155182993172287,怕痛的我，把防御力点满就对了
2480_118171.txt,2480,118171,0.0,0.1680941911720411,怕痛的我，把防御力点满就对了
2480_118201.txt,2480,118201,0.0,0.1068443502565747,怕痛的我，把防御力点满就对了
2480_121049.txt,2480,121049,0.0,0.128096787388326,怕痛的我，把防御力点满就对了
2480_126644.txt,2480,126644,0.0,0.1343919002513663,怕痛的我，把防御力点满就对了
2480_128696.txt,2480,128696,0.0,0.0952152878040598,怕痛的我，把防御力点满就对了
2480_130152.txt,2480,130152,0.0,0.1324751989154847,怕痛的我，把防御力点满就对了
2480_135650.txt,2480,135650,0.0,0.0905575749071454,怕痛的我，把防御力点满就对了
2480_141087.txt,2480,141087,0.0,0.0959802833754667,怕痛的我，把防御力点满就对了
2480_150421.txt,2480,150421,0.0,0.0911509933341087,怕痛的我，把防御力点满就对了
2480_165620.txt,2480,165620,0.0,0.0882894840024008,怕痛的我，把防御力点满就对了
2480_92985.txt,2480,92985,0.0,0.1598532958355189,怕痛的我，把防御力点满就对了
2480_94848.txt,2480,94848,0.0,0.1139464819217118,怕痛的我，把防御力点满就对了
2480_99015.txt,2480,99015,0.0,0.1488927794093932,怕痛的我，把防御力点满就对了
2482_106168.txt,2482,106168,1.0,0.4688173158069853,终将成为你 关于佐伯沙弥香(终将成为你 佐伯沙弥香的追忆)
2482_93118.txt,2482,93118,1.0,0.8268697206519737,终将成为你 关于佐伯沙弥香(终将成为你 佐伯沙弥香的追忆)
2482_97409.txt,2482,97409,1.0,0.5428178853787109,终将成为你 关于佐伯沙弥香(终将成为你 佐伯沙弥香的追忆)
2492_93410.txt,2492,93410,1.0,0.7953795298154602,在世界终焉的花园
2496_93457.txt,2496,93457,0.0,0.927365470680458,幸会，食人鬼。
251_12161.txt,251,12161,0.0,0.438172073931462,魔学诡术士
251_12205.txt,251,12205,0.0,0.4521067491266935,魔学诡术士
251_16453.txt,251,16453,0.0,0.2123382236872388,魔学诡术士
251_9594.txt,251,9594,0.0,0.5867833577464219,魔学诡术士
2537_101028.txt,2537,101028,0.0,0.0714618553094146,自称贤者弟子的贤者
2537_102384.txt,2537,102384,0.0,0.0814689246612534,自称贤者弟子的贤者
2537_103870.txt,2537,103870,0.0,0.084310569524271,自称贤者弟子的贤者
2537_108380.txt,2537,108380,0.0,0.095129529409758,自称贤者弟子的贤者
2537_110844.txt,2537,110844,0.0,0.1385500162203316,自称贤者弟子的贤者
2537_113003.txt,2537,113003,0.0,0.0960944753179406,自称贤者弟子的贤者
2537_115466.txt,2537,115466,0.0,0.1166317968523676,自称贤者弟子的贤者
2537_117392.txt,2537,117392,0.0,0.1151810841106708,自称贤者弟子的贤者
2537_119239.txt,2537,119239,0.0,0.1129342509186327,自称贤者弟子的贤者
2537_120402.txt,2537,120402,0.0,0.1042595783175923,自称贤者弟子的贤者
2537_127655.txt,2537,127655,0.0,0.0883707297983318,自称贤者弟子的贤者
2537_129737.txt,2537,129737,0.0,0.1057640675569062,自称贤者弟子的贤者
2537_133737.txt,2537,133737,0.0,0.1198693308920026,自称贤者弟子的贤者
2537_139683.txt,2537,139683,0.0,0.1241994321818196,自称贤者弟子的贤者
2537_149682.txt,2537,149682,0.0,0.131950690689493,自称贤者弟子的贤者
2537_157350.txt,2537,157350,0.0,0.1222622572342214,自称贤者弟子的贤者
2537_165372.txt,2537,165372,0.0,0.1141194226108739,自称贤者弟子的贤者
2537_167254.txt,2537,167254,0.0,0.1110783040862244,自称贤者弟子的贤者
2537_95891.txt,2537,95891,0.0,0.0740640290397906,自称贤者弟子的贤者
2537_96842.txt,2537,96842,0.0,0.0791087821157112,自称贤者弟子的贤者
2537_98074.txt,2537,98074,0.0,0.0792349163247558,自称贤者弟子的贤者
2541_105416.txt,2541,105416,0.0,0.2982224372327504,本田小狼与我
2541_113502.txt,2541,113502,0.0,0.300874341286038,本田小狼与我
2541_113625.txt,2541,113625,0.0,0.3076461052088046,本田小狼与我
2541_96151.txt,2541,96151,0.0,0.3051368585487441,本田小狼与我
2543_96323.txt,2543,96323,0.0,0.1499690872767638,朋友以上侦探未满
255_134554.txt,255,134554,1.0,0.6396571555795885,圣母在上(玛莉亚的凝望)
255_17548.txt,255,17548,1.0,0.850850434986657,圣母在上(玛莉亚的凝望)
255_19141.txt,255,19141,1.0,0.6797798737737126,圣母在上(玛莉亚的凝望)
255_19142.txt,255,19142,1.0,0.8975091868108273,圣母在上(玛莉亚的凝望)
255_20343.txt,255,20343,1.0,0.8140164023907774,圣母在上(玛莉亚的凝望)
255_25495.txt,255,25495,1.0,0.7747439913769579,圣母在上(玛莉亚的凝望)
255_25499.txt,255,25499,1.0,0.8268485027035146,圣母在上(玛莉亚的凝望)
255_25950.txt,255,25950,1.0,0.8878858915378306,圣母在上(玛莉亚的凝望)
255_28845.txt,255,28845,1.0,0.3911882236551288,圣母在上(玛莉亚的凝望)
255_29646.txt,255,29646,1.0,0.7275494238260707,圣母在上(玛莉亚的凝望)
255_30182.txt,255,30182,1.0,0.654029451225729,圣母在上(玛莉亚的凝望)
255_33415.txt,255,33415,1.0,0.7976203364479735,圣母在上(玛莉亚的凝望)
255_33423.txt,255,33423,1.0,0.7879314767490129,圣母在上(玛莉亚的凝望)
255_35187.txt,255,35187,1.0,0.7805575448040941,圣母在上(玛莉亚的凝望)
255_37585.txt,255,37585,1.0,0.7526126271140544,圣母在上(玛莉亚的凝望)
255_39740.txt,255,39740,1.0,0.7305466294309348,圣母在上(玛莉亚的凝望)
255_44280.txt,255,44280,1.0,0.715833662122045,圣母在上(玛莉亚的凝望)
255_46532.txt,255,46532,1.0,0.8349465293984389,圣母在上(玛莉亚的凝望)
255_48951.txt,255,48951,1.0,0.7668784697839566,圣母在上(玛莉亚的凝望)
255_50050.txt,255,50050,1.0,0.7354063083051727,圣母在上(玛莉亚的凝望)
255_63937.txt,255,63937,1.0,0.8434356503941384,圣母在上(玛莉亚的凝望)
255_63938.txt,255,63938,1.0,0.7500807679437578,圣母在上(玛莉亚的凝望)
255_9641.txt,255,9641,1.0,0.2990866720952796,圣母在上(玛莉亚的凝望)
255_9660.txt,255,9660,1.0,0.8635104280903112,圣母在上(玛莉亚的凝望)
255_9668.txt,255,9668,1.0,0.8972971468361916,圣母在上(玛莉亚的凝望)
255_9671.txt,255,9671,1.0,0.8560611070943759,圣母在上(玛莉亚的凝望)
255_9675.txt,255,9675,1.0,0.7660573906064931,圣母在上(玛莉亚的凝望)
255_9682.txt,255,9682,1.0,0.7489413858773816,圣母在上(玛莉亚的凝望)
255_9687.txt,255,9687,1.0,0.4859481010223563,圣母在上(玛莉亚的凝望)
255_9691.txt,255,9691,1.0,0.5342592976168975,圣母在上(玛莉亚的凝望)
255_9697.txt,255,9697,1.0,0.8198824102445114,圣母在上(玛莉亚的凝望)
255_9698.txt,255,9698,1.0,0.7449454322244933,圣母在上(玛莉亚的凝望)
255_9707.txt,255,9707,1.0,0.721255684395764,圣母在上(玛莉亚的凝望)
2562_97163.txt,2562,97163,1.0,0.1851097682156232,大和抚子向前冲！管它以后会怎样！
2635_101053.txt,2635,101053,1.0,0.7638410714974626,我的推是坏人大小姐(我推是反派大小姐)
2635_104245.txt,2635,104245,1.0,0.7653972127764483,我的推是坏人大小姐(我推是反派大小姐)
2635_137533.txt,2635,137533,1.0,0.6854486873844502,我的推是坏人大小姐(我推是反派大小姐)
2635_139773.txt,2635,139773,1.0,0.4761289016703941,我的推是坏人大小姐(我推是反派大小姐)
2635_145272.txt,2635,145272,1.0,0.6322652176189119,我的推是坏人大小姐(我推是反派大小姐)
2651_102068.txt,2651,102068,1.0,0.6725563895146202,处刑少女的生存之道
2651_103266.txt,2651,103266,1.0,0.6141032982508451,处刑少女的生存之道
2651_118252.txt,2651,118252,1.0,0.6827441044895278,处刑少女的生存之道
2651_128686.txt,2651,128686,1.0,0.6634212269534021,处刑少女的生存之道
2651_129358.txt,2651,129358,1.0,0.6219982880918795,处刑少女的生存之道
2651_131330.txt,2651,131330,1.0,0.6928701992027846,处刑少女的生存之道
2651_134566.txt,2651,134566,1.0,0.4110291053402696,处刑少女的生存之道
2651_145445.txt,2651,145445,1.0,0.6367749065141932,处刑少女的生存之道
2659_102498.txt,2659,102498,0.0,0.2306148084140026,齿轮驱动
2661_102547.txt,2661,102547,1.0,0.5771409153875935,相隔101米的爱恋
2680_103564.txt,2680,103564,1.0,0.2956702005665446,Everlasting
2685_103754.txt,2685,103754,1.0,0.6439620141236211,明日的世界将会星光灿烂(明日的世界星光闪耀)
2685_112425.txt,2685,112425,1.0,0.5453255971891755,明日的世界将会星光灿烂(明日的世界星光闪耀)
2685_151310.txt,2685,151310,1.0,0.5330629583329107,明日的世界将会星光灿烂(明日的世界星光闪耀)
2689_104058.txt,2689,104058,1.0,0.5428729579328151,冰川双子的生活
2734_106844.txt,2734,106844,0.0,0.2690600162840375,为了当剑士而入学，魔法天赋却高达9999！？
2734_119201.txt,2734,119201,0.0,0.172538962781717,为了当剑士而入学，魔法天赋却高达9999！？
2734_138209.txt,2734,138209,0.0,0.1304740947447445,为了当剑士而入学，魔法天赋却高达9999！？
2751_107817.txt,2751,107817,1.0,0.7204488272259646,我们不可能成为恋人！绝对不行。(※似乎可行？)（我怎么可能成为你的恋人，不行不行！）
2751_118989.txt,2751,118989,1.0,0.6755484023738606,我们不可能成为恋人！绝对不行。(※似乎可行？)（我怎么可能成为你的恋人，不行不行！）
2751_122070.txt,2751,122070,1.0,0.6224423268657565,我们不可能成为恋人！绝对不行。(※似乎可行？)（我怎么可能成为你的恋人，不行不行！）
2751_125697.txt,2751,125697,1.0,0.7340595015195829,我们不可能成为恋人！绝对不行。(※似乎可行？)（我怎么可能成为你的恋人，不行不行！）
2751_136813.txt,2751,136813,1.0,0.7820529133572134,我们不可能成为恋人！绝对不行。(※似乎可行？)（我怎么可能成为你的恋人，不行不行！）
2751_141461.txt,2751,141461,1.0,0.6644982701643988,我们不可能成为恋人！绝对不行。(※似乎可行？)（我怎么可能成为你的恋人，不行不行！）
2751_148354.txt,2751,148354,1.0,0.5887036410433538,我们不可能成为恋人！绝对不行。(※似乎可行？)（我怎么可能成为你的恋人，不行不行！）
2751_159480.txt,2751,159480,1.0,0.7140192339370024,我们不可能成为恋人！绝对不行。(※似乎可行？)（我怎么可能成为你的恋人，不行不行！）
2751_166872.txt,2751,166872,1.0,0.7095004277532866,我们不可能成为恋人！绝对不行。(※似乎可行？)（我怎么可能成为你的恋人，不行不行！）
2756_108273.txt,2756,108273,1.0,0.9382107407535636,转生公主与天才千金的魔法革命(转生王女与天才千金的魔法革命)
2756_112633.txt,2756,112633,1.0,0.9373648370052624,转生公主与天才千金的魔法革命(转生王女与天才千金的魔法革命)
2756_118972.txt,2756,118972,1.0,0.9239490577863604,转生公主与天才千金的魔法革命(转生王女与天才千金的魔法革命)
2756_127015.txt,2756,127015,1.0,0.8394391892272968,转生公主与天才千金的魔法革命(转生王女与天才千金的魔法革命)
2756_134755.txt,2756,134755,1.0,0.913089642738844,转生公主与天才千金的魔法革命(转生王女与天才千金的魔法革命)
2756_135147.txt,2756,135147,1.0,0.682057647322482,转生公主与天才千金的魔法革命(转生王女与天才千金的魔法革命)
2756_143520.txt,2756,143520,1.0,0.6612485246669343,转生公主与天才千金的魔法革命(转生王女与天才千金的魔法革命)
2756_145929.txt,2756,145929,1.0,0.5976058420489093,转生公主与天才千金的魔法革命(转生王女与天才千金的魔法革命)
2756_159532.txt,2756,159532,1.0,0.5394212930063522,转生公主与天才千金的魔法革命(转生王女与天才千金的魔法革命)
2756_165934.txt,2756,165934,1.0,0.8114567783787434,转生公主与天才千金的魔法革命(转生王女与天才千金的魔法革命)
2756_167146.txt,2756,167146,1.0,0.8677942747018399,转生公主与天才千金的魔法革命(转生王女与天才千金的魔法革命)
2768_109073.txt,2768,109073,0.0,0.3868284751247838,转生前是男的所以逆后宫容我拒绝
2768_116454.txt,2768,116454,0.0,0.3298496465006247,转生前是男的所以逆后宫容我拒绝
2773_109485.txt,2773,109485,1.0,0.990082747926066,野花通信(野野小花通信)
2788_110290.txt,2788,110290,1.0,0.921158394299647,将放言说不会输的高颜值女孩，全力征服的百合故事
2792_110406.txt,2792,110406,0.0,0.4188862512250656,家里蹲吸血姬的郁闷(家里蹲吸血姬的苦闷)
2792_115084.txt,2792,115084,0.0,0.4267224010821588,家里蹲吸血姬的郁闷(家里蹲吸血姬的苦闷)
2792_118848.txt,2792,118848,0.0,0.2632506497956735,家里蹲吸血姬的郁闷(家里蹲吸血姬的苦闷)
2792_124189.txt,2792,124189,0.0,0.2931009251972053,家里蹲吸血姬的郁闷(家里蹲吸血姬的苦闷)
2792_126100.txt,2792,126100,0.0,0.3839411068629404,家里蹲吸血姬的郁闷(家里蹲吸血姬的苦闷)
2792_127183.txt,2792,127183,0.0,0.390977011408657,家里蹲吸血姬的郁闷(家里蹲吸血姬的苦闷)
2792_135838.txt,2792,135838,0.0,0.376063643463678,家里蹲吸血姬的郁闷(家里蹲吸血姬的苦闷)
2792_137995.txt,2792,137995,0.0,0.3508957025349682,家里蹲吸血姬的郁闷(家里蹲吸血姬的苦闷)
2792_139843.txt,2792,139843,0.0,0.3072942849935851,家里蹲吸血姬的郁闷(家里蹲吸血姬的苦闷)
2792_142600.txt,2792,142600,0.0,0.2619489848358615,家里蹲吸血姬的郁闷(家里蹲吸血姬的苦闷)
2792_144990.txt,2792,144990,0.0,0.2217343522490997,家里蹲吸血姬的郁闷(家里蹲吸血姬的苦闷)
2792_148556.txt,2792,148556,0.0,0.1628310310560127,家里蹲吸血姬的郁闷(家里蹲吸血姬的苦闷)
2812_111584.txt,2812,111584,1.0,0.9602132072719488,将这股温度称为你(我会将这份温暖称为你)
2818_111814.txt,2818,111814,0.0,0.1940795796846368,碧蓝航线 Episode of Belfast
2818_125018.txt,2818,125018,0.0,0.1207822441876942,碧蓝航线 Episode of Belfast
2818_127341.txt,2818,127341,0.0,0.1397802792410321,碧蓝航线 Episode of Belfast
2818_130995.txt,2818,130995,0.0,0.1134963848098844,碧蓝航线 Episode of Belfast
2828_112677.txt,2828,112677,1.0,0.7006885516367943,降樱的小镇
2828_114310.txt,2828,114310,1.0,0.7458463079266349,降樱的小镇
2845_114050.txt,2845,114050,0.0,0.3132854751868485,乃木若叶是勇者(勇者部系列三)
2845_114071.txt,2845,114071,0.0,0.3526737269729699,乃木若叶是勇者(勇者部系列三)
2855_114552.txt,2855,114552,0.0,0.3276761210846962,刀使巫女 琉球剑风录
2895_116710.txt,2895,116710,0.0,0.2181744257057485,声优广播的幕前幕后(声优广播的台前幕后)
2895_116842.txt,2895,116842,0.0,0.237026591573118,声优广播的幕前幕后(声优广播的台前幕后)
2895_117002.txt,2895,117002,0.0,0.2106105490209336,声优广播的幕前幕后(声优广播的台前幕后)
2895_118770.txt,2895,118770,0.0,0.2592339451828225,声优广播的幕前幕后(声优广播的台前幕后)
2895_122477.txt,2895,122477,0.0,0.2431842074478175,声优广播的幕前幕后(声优广播的台前幕后)
2895_134661.txt,2895,134661,0.0,0.1957137381535596,声优广播的幕前幕后(声优广播的台前幕后)
2895_150951.txt,2895,150951,0.0,0.2406546466609165,声优广播的幕前幕后(声优广播的台前幕后)
2895_153172.txt,2895,153172,0.0,0.2363109487974807,声优广播的幕前幕后(声优广播的台前幕后)
2895_155026.txt,2895,155026,0.0,0.3862235885403414,声优广播的幕前幕后(声优广播的台前幕后)
2895_159563.txt,2895,159563,0.0,0.3688267435140539,声优广播的幕前幕后(声优广播的台前幕后)
2895_164223.txt,2895,164223,0.0,0.40044390637929,声优广播的幕前幕后(声优广播的台前幕后)
2896_116723.txt,2896,116723,1.0,0.5920215327685915,将放言说女生之间不可能的女孩子，在百日之内彻底攻陷的百合故事
2896_116915.txt,2896,116915,1.0,0.6218531843082202,将放言说女生之间不可能的女孩子，在百日之内彻底攻陷的百合故事
2896_117063.txt,2896,117063,1.0,0.8864058837608418,将放言说女生之间不可能的女孩子，在百日之内彻底攻陷的百合故事
2896_117226.txt,2896,117226,1.0,0.7385785200205129,将放言说女生之间不可能的女孩子，在百日之内彻底攻陷的百合故事
2896_127444.txt,2896,127444,1.0,0.7464580860885273,将放言说女生之间不可能的女孩子，在百日之内彻底攻陷的百合故事
2896_149574.txt,2896,149574,1.0,0.6814814142541599,将放言说女生之间不可能的女孩子，在百日之内彻底攻陷的百合故事
2896_154846.txt,2896,154846,1.0,0.6947459729189442,将放言说女生之间不可能的女孩子，在百日之内彻底攻陷的百合故事
2905_117172.txt,2905,117172,1.0,0.2310931075004126,被百合夹击的女子有罪吗？(夹在百合中间的女人，有罪吗？)
2920_117810.txt,2920,117810,1.0,0.4392907724540199,最后的蓝(End Blue)
2945_118999.txt,2945,118999,0.0,0.4348229027683069,成为女贤者的光秀待在女勇者信长的队伍里面浑身不自在
2963_119968.txt,2963,119968,0.0,0.2319079260332588,超次元游戏海王星：梦魇时刻？
298_10595.txt,298,10595,1.0,0.6216565503534361,卡莲坂高中可爱广播社
298_10601.txt,298,10601,1.0,0.8124853786350921,卡莲坂高中可爱广播社
298_17775.txt,298,17775,1.0,0.8473617909891011,卡莲坂高中可爱广播社
298_20499.txt,298,20499,1.0,0.7045899051971695,卡莲坂高中可爱广播社
2997_122164.txt,2997,122164,1.0,0.6311262182466416,人类的时代结束了，但肚子还是会饿吗？
2997_125114.txt,2997,125114,1.0,0.650565706357673,人类的时代结束了，但肚子还是会饿吗？
2997_125301.txt,2997,125301,1.0,0.5855822918461301,人类的时代结束了，但肚子还是会饿吗？
3017_123358.txt,3017,123358,0.0,0.1314897179881622,战翼的希格德莉法
3017_123436.txt,3017,123436,0.0,0.1576594964900851,战翼的希格德莉法
301_10869.txt,301,10869,0.0,0.1660863220148907,简单易懂的现代魔法
301_10871.txt,301,10871,0.0,0.2103719220522747,简单易懂的现代魔法
301_10884.txt,301,10884,0.0,0.2559892185932913,简单易懂的现代魔法
301_17145.txt,301,17145,0.0,0.2649441435535501,简单易懂的现代魔法
301_18174.txt,301,18174,0.0,0.3096456750568641,简单易懂的现代魔法
301_29966.txt,301,29966,0.0,0.2757933607765869,简单易懂的现代魔法
3056_125389.txt,3056,125389,1.0,0.4377142395920594,截稿日之前，百合的进度特别快
3056_130465.txt,3056,130465,1.0,0.3464185852894693,截稿日之前，百合的进度特别快
3078_126726.txt,3078,126726,1.0,0.7099488264208678,武士道系列
3078_126855.txt,3078,126855,1.0,0.7716088134721111,武士道系列
3089_127556.txt,3089,127556,0.0,0.7668727310884617,海鸟东月的『荒唐事』
3097_128077.txt,3097,128077,1.0,0.7703639706852481,无法忘怀的魔女故事(无法忘却的魔女物语)
3097_128114.txt,3097,128114,1.0,0.4629592835720465,无法忘怀的魔女故事(无法忘却的魔女物语)
3101_128204.txt,3101,128204,0.0,0.4956975920311226,菜鸟炼金术师开店营业中(新人炼金术师的店铺经营)
3101_138803.txt,3101,138803,0.0,0.3217603260982303,菜鸟炼金术师开店营业中(新人炼金术师的店铺经营)
3101_140562.txt,3101,140562,0.0,0.4282395670086951,菜鸟炼金术师开店营业中(新人炼金术师的店铺经营)
3101_142267.txt,3101,142267,0.0,0.3327350589529818,菜鸟炼金术师开店营业中(新人炼金术师的店铺经营)
3101_143932.txt,3101,143932,0.0,0.4487037822552241,菜鸟炼金术师开店营业中(新人炼金术师的店铺经营)
3101_145494.txt,3101,145494,0.0,0.5486183758434315,菜鸟炼金术师开店营业中(新人炼金术师的店铺经营)
3101_147434.txt,3101,147434,0.0,0.4037143291593635,菜鸟炼金术师开店营业中(新人炼金术师的店铺经营)
3128_129602.txt,3128,129602,1.0,0.8543267605724283,我的初恋对象与人接吻了
3128_130682.txt,3128,130682,1.0,0.5816353395159606,我的初恋对象与人接吻了
3128_142015.txt,3128,142015,1.0,0.9291748896518096,我的初恋对象与人接吻了
3137_130256.txt,3137,130256,0.0,0.1890767844890721,身为VTuber的我因为忘记关台而成了传说
3137_134707.txt,3137,134707,0.0,0.2423215145655686,身为VTuber的我因为忘记关台而成了传说
3137_138391.txt,3137,138391,0.0,0.2570539672487008,身为VTuber的我因为忘记关台而成了传说
3137_143296.txt,3137,143296,0.0,0.2932325740347202,身为VTuber的我因为忘记关台而成了传说
3137_146794.txt,3137,146794,0.0,0.3593663304173423,身为VTuber的我因为忘记关台而成了传说
3137_148607.txt,3137,148607,0.0,0.3217643987724918,身为VTuber的我因为忘记关台而成了传说
3137_152300.txt,3137,152300,0.0,0.2553342795479604,身为VTuber的我因为忘记关台而成了传说
3137_154919.txt,3137,154919,0.0,0.2411242025109917,身为VTuber的我因为忘记关台而成了传说
3210_132833.txt,3210,132833,1.0,0.6637185062278079,被夹在百合之间的我，顺势劈腿了(关于被百合夹在中间的我，顺势脚踏两只船这件事)
3210_137424.txt,3210,137424,1.0,0.6539248444721493,被夹在百合之间的我，顺势劈腿了(关于被百合夹在中间的我，顺势脚踏两只船这件事)
3210_142152.txt,3210,142152,1.0,0.6104415892144456,被夹在百合之间的我，顺势劈腿了(关于被百合夹在中间的我，顺势脚踏两只船这件事)
3210_161286.txt,3210,161286,1.0,0.605262613037044,被夹在百合之间的我，顺势劈腿了(关于被百合夹在中间的我，顺势脚踏两只船这件事)
3210_166202.txt,3210,166202,1.0,0.7533891860514793,被夹在百合之间的我，顺势劈腿了(关于被百合夹在中间的我，顺势脚踏两只船这件事)
3232_133919.txt,3232,133919,1.0,0.5102388905245119,魔女的宠爱
3249_134644.txt,3249,134644,1.0,0.531356224157904,弗莉达的世界 天上没有的群星
3250_134718.txt,3250,134718,1.0,0.9809813202862172,百年文通
3251_134735.txt,3251,134735,1.0,0.7248705984804543,最后也是最初的偶像
3269_135382.txt,3269,135382,0.0,0.8956329720613114,所有偶像皆不老的世界
3275_135628.txt,3275,135628,0.0,0.4760724402885328,推偶像三原则
3280_135793.txt,3280,135793,0.0,0.9726325026650084,为青年设立的读书俱乐部
3294_136178.txt,3294,136178,0.0,0.224894052534008,楠芽吹是勇者(勇者部系列四)
3295_136188.txt,3295,136188,0.0,0.7557097996973533,结城友奈是勇者 勇者史外典
3295_136200.txt,3295,136200,0.0,0.7407528215253396,结城友奈是勇者 勇者史外典
3316_136794.txt,3316,136794,0.0,0.2212242147724405,Lycoris Recoil 莉可丽丝 Ordinary days
3332_137255.txt,3332,137255,0.0,0.437932015903064,我们没有故事
3332_138097.txt,3332,138097,0.0,0.4755024219951992,我们没有故事
3332_141320.txt,3332,141320,0.0,0.5140841355624246,我们没有故事
3332_159293.txt,3332,159293,0.0,0.6040081206326304,我们没有故事
3332_163098.txt,3332,163098,0.0,0.3632203543564455,我们没有故事
3375_138681.txt,3375,138681,0.0,0.1156644838985055,强袭魔女Memorial Episode 在一起哦
3386_139167.txt,3386,139167,1.0,0.7639464492688476,猎猫一族之长
3406_140173.txt,3406,140173,0.0,0.3860280154378289,反派千金沦为庶民
3412_140718.txt,3412,140718,0.0,0.2070937979807022,少女同志，向敌人开枪吧
3413_140732.txt,3413,140732,0.0,0.2142603305339163,十岁的最强魔导师
3432_141806.txt,3432,141806,0.0,0.3657832199784699,祈祷之国的莉莉艾儿
3432_144006.txt,3432,144006,0.0,0.2654332297264473,祈祷之国的莉莉艾儿
3432_152034.txt,3432,152034,0.0,0.2296177006698772,祈祷之国的莉莉艾儿
343_12044.txt,343,12044,0.0,0.41516012606205,静流姐系列
343_17953.txt,343,17953,0.0,0.4152333389807777,静流姐系列
343_17955.txt,343,17955,0.0,0.5745234473950886,静流姐系列
349_12158.txt,349,12158,1.0,0.2734498193600129,BLACK SHEEP 圣夜迷途的黑羊
3505_145386.txt,3505,145386,1.0,0.7236973051838022,焦点深度
3507_145453.txt,3507,145453,1.0,0.556479661024795,沙漠蔷薇
3519_145969.txt,3519,145969,1.0,0.8822674785793211,我买下了与她的每周密会～以五千圆为借口，共度两人时光～(一周一次买下同班同学的那些事)
3519_146347.txt,3519,146347,1.0,0.8860458327676554,我买下了与她的每周密会～以五千圆为借口，共度两人时光～(一周一次买下同班同学的那些事)
3519_148314.txt,3519,148314,1.0,0.8770001046098527,我买下了与她的每周密会～以五千圆为借口，共度两人时光～(一周一次买下同班同学的那些事)
3519_148571.txt,3519,148571,1.0,0.71832710301873,我买下了与她的每周密会～以五千圆为借口，共度两人时光～(一周一次买下同班同学的那些事)
3519_153113.txt,3519,153113,1.0,0.831086427443941,我买下了与她的每周密会～以五千圆为借口，共度两人时光～(一周一次买下同班同学的那些事)
3519_157441.txt,3519,157441,1.0,0.8051899709971572,我买下了与她的每周密会～以五千圆为借口，共度两人时光～(一周一次买下同班同学的那些事)
3519_160917.txt,3519,160917,1.0,0.9306248249271732,我买下了与她的每周密会～以五千圆为借口，共度两人时光～(一周一次买下同班同学的那些事)
3519_166567.txt,3519,166567,1.0,0.8710956744135194,我买下了与她的每周密会～以五千圆为借口，共度两人时光～(一周一次买下同班同学的那些事)
3525_146329.txt,3525,146329,0.0,0.3181306755901679,Lovelive! 虹咲学园偶像同好会 红莲的剑姬~Flamesword Princess~
3542_147412.txt,3542,147412,1.0,0.2677104638969061,CARNEADES
3542_149292.txt,3542,149292,1.0,0.6778937194020668,CARNEADES
3542_157192.txt,3542,157192,1.0,0.5079210735089642,CARNEADES
3542_159751.txt,3542,159751,1.0,0.7431703924553149,CARNEADES
3547_147740.txt,3547,147740,0.0,0.3417945884118862,NO推理、NO侦探？
3547_149476.txt,3547,149476,0.0,0.4643245317901162,NO推理、NO侦探？
3558_148375.txt,3558,148375,0.0,0.2598797052201415,狱门抚子在此
3558_151754.txt,3558,151754,0.0,0.2324743477229211,狱门抚子在此
3558_157333.txt,3558,157333,0.0,0.459179646273933,狱门抚子在此
3558_163586.txt,3558,163586,0.0,0.3188346492444992,狱门抚子在此
3558_165280.txt,3558,165280,0.0,0.2119460823347026,狱门抚子在此
3560_148430.txt,3560,148430,1.0,0.7969265131962227,回忆重叠的乐园战场。接着两人，拿起了武器(少女执利兵于手，相战于交织希望的乐园战场)
3585_149565.txt,3585,149565,1.0,0.931338562102074,败给性格恶劣的天才儿时玩伴，初体验全部被她夺走(败给了性格恶劣的天才青梅，初体验全部被夺走这件事)
3585_152730.txt,3585,152730,1.0,0.8715927132119153,败给性格恶劣的天才儿时玩伴，初体验全部被她夺走(败给了性格恶劣的天才青梅，初体验全部被夺走这件事)
3585_156682.txt,3585,156682,1.0,0.8287555319638427,败给性格恶劣的天才儿时玩伴，初体验全部被她夺走(败给了性格恶劣的天才青梅，初体验全部被夺走这件事)
3585_156877.txt,3585,156877,1.0,0.9171650799952882,败给性格恶劣的天才儿时玩伴，初体验全部被她夺走(败给了性格恶劣的天才青梅，初体验全部被夺走这件事)
3585_162175.txt,3585,162175,1.0,0.9243864095956836,败给性格恶劣的天才儿时玩伴，初体验全部被她夺走(败给了性格恶劣的天才青梅，初体验全部被夺走这件事)
3590_149859.txt,3590,149859,0.0,0.2907157356039019,Stellar step
3590_152213.txt,3590,152213,0.0,0.3666698118624215,Stellar step
3611_150752.txt,3611,150752,0.0,0.5951141304554839,我的初恋太过羞耻无法对人诉说
3611_155043.txt,3611,155043,0.0,0.389980730666691,我的初恋太过羞耻无法对人诉说
3611_163958.txt,3611,163958,0.0,0.4637001369720182,我的初恋太过羞耻无法对人诉说
3625_151723.txt,3625,151723,1.0,0.9880161530160289,捡到小猫，我也仅是小猫
3625_161235.txt,3625,161235,1.0,0.9296891612492658,捡到小猫，我也仅是小猫
3639_152497.txt,3639,152497,1.0,0.5595346192300658,不动火轮一动不动
3653_152923.txt,3653,152923,1.0,0.2927620943252472,区区平民竟敢这么嚣张！
3653_153450.txt,3653,153450,1.0,0.2978075749274526,区区平民竟敢这么嚣张！
3653_157261.txt,3653,157261,1.0,0.4177526639383192,区区平民竟敢这么嚣张！
3665_153545.txt,3665,153545,1.0,0.3094299218803309,你以为我的百合人设只是商业卖点？
3667_153600.txt,3667,153600,1.0,0.5360807090919687,四人制姐妹百合物帐
3693_154379.txt,3693,154379,1.0,0.840687707547118,在这得说猫语
3703_154789.txt,3703,154789,1.0,0.4635891121734102,蜘蛛与制服
3716_155275.txt,3716,155275,1.0,0.7983216662513289,初恋Signal
3716_155281.txt,3716,155281,1.0,0.7916487274861257,初恋Signal
3723_155603.txt,3723,155603,1.0,0.8253067908395078,她她
3735_156030.txt,3735,156030,0.0,0.3955586645628788,少女星间漂流记
3735_157496.txt,3735,157496,0.0,0.4684130963970938,少女星间漂流记
3735_160396.txt,3735,160396,0.0,0.2045072144814829,少女星间漂流记
3735_163651.txt,3735,163651,0.0,0.6151948661503327,少女星间漂流记
3754_156707.txt,3754,156707,0.0,0.4269708410299451,深夜重拳(深夜PUNCH 动画投稿者是吸血鬼！？)
3755_156737.txt,3755,156737,1.0,0.6830330486401488,碱性劣等生
3759_157035.txt,3759,157035,1.0,0.988183286715778,只要活着
3759_157046.txt,3759,157046,1.0,0.9940652813485292,只要活着
3763_157110.txt,3763,157110,1.0,0.7601118766365864,心上人的妹妹(我心爱之人的妹妹)
3763_161237.txt,3763,161237,1.0,0.9430343779392204,心上人的妹妹(我心爱之人的妹妹)
3763_163631.txt,3763,163631,1.0,0.9282925443609068,心上人的妹妹(我心爱之人的妹妹)
3763_164862.txt,3763,164862,1.0,0.9339811666233248,心上人的妹妹(我心爱之人的妹妹)
3780_157613.txt,3780,157613,1.0,0.850985226270107,请待在有光的地方
3784_157680.txt,3784,157680,1.0,0.9355508413285144,我发现了小小的百合
3785_157738.txt,3785,157738,1.0,0.4453967409992596,想成为勇者的少女，与注定成为勇者的她(想要成为勇者的少女，与理应成为勇者的她)
3800_158285.txt,3800,158285,1.0,0.3216625857097361,魔女们的选择 两位魔女的英雄史诗
3802_158308.txt,3802,158308,1.0,0.6114316836556264,谋杀勇者的新娘
3810_158494.txt,3810,158494,0.0,0.3380241859374401,经学少女传~考试地狱中的男装大小姐~
3810_158675.txt,3810,158675,0.0,0.3250217102595519,经学少女传~考试地狱中的男装大小姐~
3816_158814.txt,3816,158814,1.0,0.2954029260384438,猫之山宁宁子是猫族
3817_158891.txt,3817,158891,1.0,0.7897435160988487,末日尽头的少女背包之旅
3833_159575.txt,3833,159575,1.0,0.954226755225827,在放学后的教室里，恋爱浮现
3854_160445.txt,3854,160445,1.0,0.965284402623428,鹿乃江同学的左手
3862_160792.txt,3862,160792,1.0,0.6058369021799341,少女所不期望的英雄史诗
3863_160807.txt,3863,160807,0.0,0.2388359517285287,魔女之旅 学园物语
3866_160899.txt,3866,160899,1.0,0.8963179166842835,与她女友的不纯初恋
3866_166204.txt,3866,166204,1.0,0.8957508653841382,与她女友的不纯初恋
3872_161210.txt,3872,161210,1.0,0.9649129258322164,人妻教师被班里的女高中生迷的神魂颠倒的故事
3872_161224.txt,3872,161224,1.0,0.9670464106588484,人妻教师被班里的女高中生迷的神魂颠倒的故事
3885_161743.txt,3885,161743,0.0,0.2189829716726121,寂静魔女 索姆斯没人要中队Reboot
3885_162177.txt,3885,162177,0.0,0.1732318677699968,寂静魔女 索姆斯没人要中队Reboot
3885_164577.txt,3885,164577,0.0,0.1600359239371764,寂静魔女 索姆斯没人要中队Reboot
3885_164584.txt,3885,164584,0.0,0.1534979503659265,寂静魔女 索姆斯没人要中队Reboot
3894_162181.txt,3894,162181,0.0,0.5101928365437989,两个人是光之美少女
3917_163022.txt,3917,163022,1.0,0.8428731053602391,志乃与恋 Future
391_14748.txt,391,14748,1.0,0.379941416403415,眼镜少女 HOLIC
391_14750.txt,391,14750,1.0,0.3721622587493626,眼镜少女 HOLIC
3961_164203.txt,3961,164203,1.0,0.5784173951300827,异界扫灭的战斗女仆
3961_164825.txt,3961,164825,1.0,0.4895942853733436,异界扫灭的战斗女仆
3962_164246.txt,3962,164246,0.0,0.8816108581890761,转生千金卡特娜在异世界追寻梦想成为刀匠！
3963_164265.txt,3963,164265,1.0,0.9016494120661888,摩卡奇诺-小学生百合短篇集-
3964_164338.txt,3964,164338,1.0,0.4351866483629359,双星·飓风·离乡人
3964_164352.txt,3964,164352,1.0,0.4729684935761246,双星·飓风·离乡人
3986_165240.txt,3986,165240,1.0,0.5908879545157542,谁才是我的百合呢！？
3998_165601.txt,3998,165601,1.0,0.9531306187215464,班上的公主是我的小狗
4014_166308.txt,4014,166308,0.0,0.4078800538038889,在揍爆向导天使之后，我当上了死灵术师
401_14946.txt,401,14946,0.0,0.4519735147435426,德鲁伊来啰!
401_19786.txt,401,19786,0.0,0.3679987444091906,德鲁伊来啰!
401_27844.txt,401,27844,0.0,0.3066987088988984,德鲁伊来啰!
4026_166703.txt,4026,166703,0.0,0.7091268582267687,花物语
4040_167040.txt,4040,167040,1.0,0.9412491114731818,夏天的少女归来了
4043_167174.txt,4043,167174,1.0,0.8013543358556932,雨之塔
452_16680.txt,452,16680,1.0,0.6881065519865424,菖蒲的少女革命！
452_19357.txt,452,19357,1.0,0.7026258247455223,菖蒲的少女革命！
452_26034.txt,452,26034,1.0,0.6404842983118313,菖蒲的少女革命！
499_18026.txt,499,18026,1.0,0.9379002908978586,香草追击 A sweet partner
519_18195.txt,519,18195,0.0,0.1549190524282224,向阳素描 欢迎来到向阳庄
531_18333.txt,531,18333,0.0,0.2298268637940118,苍穹女武神(苍穹的驱真)
531_29813.txt,531,29813,0.0,0.2517862935257152,苍穹女武神(苍穹的驱真)
531_32910.txt,531,32910,0.0,0.2513701951555256,苍穹女武神(苍穹的驱真)
531_65127.txt,531,65127,0.0,0.2152975753553429,苍穹女武神(苍穹的驱真)
531_65397.txt,531,65397,0.0,0.1841847658207856,苍穹女武神(苍穹的驱真)
531_65764.txt,531,65764,0.0,0.218944856486225,苍穹女武神(苍穹的驱真)
531_66734.txt,531,66734,0.0,0.1647959386621087,苍穹女武神(苍穹的驱真)
531_66888.txt,531,66888,0.0,0.2222565941346398,苍穹女武神(苍穹的驱真)
577_18765.txt,577,18765,0.0,0.2659687911806601,强袭魔女
577_23778.txt,577,23778,0.0,0.2918609247916611,强袭魔女
583_18786.txt,583,18786,1.0,0.3644339207881302,菩提树庄的暗狩姬
595_18889.txt,595,18889,0.0,0.3240428131326517,叛红猎杀
595_18891.txt,595,18891,0.0,0.1840131648513581,叛红猎杀
60_3450.txt,60,3450,1.0,0.7531340317078474,糖果子弹
643_19288.txt,643,19288,0.0,0.4959443896119048,PiPit!!天线少女
655_19379.txt,655,19379,1.0,0.3874265685202571,simoun 祈舞
655_19381.txt,655,19381,1.0,0.4194094807659002,simoun 祈舞
657_19396.txt,657,19396,1.0,0.4435869920934713,舞-HiME★DESTINY 龙之巫女
667_19434.txt,667,19434,1.0,0.4479010856671704,野花——在那花不开的世界
677_19543.txt,677,19543,1.0,0.2593109007993946,神明大人会把笑心○○○？
677_43406.txt,677,43406,1.0,0.3843900092176793,神明大人会把笑心○○○？
806_21516.txt,806,21516,1.0,0.5496894081454722,红线 绊之记忆
82_19479.txt,82,19479,0.0,0.3654971472528642,七姬物语
82_36615.txt,82,36615,0.0,0.1308407243192993,七姬物语
82_4694.txt,82,4694,0.0,0.4454911532024265,七姬物语
82_4704.txt,82,4704,0.0,0.3458988543229155,七姬物语
82_4714.txt,82,4714,0.0,0.1465624863217694,七姬物语
82_4724.txt,82,4724,0.0,0.1509542524241526,七姬物语
894_24103.txt,894,24103,1.0,0.8114897592226148,紫色的Qualia
915_25331.txt,915,25331,1.0,0.3860666169974416,发明工坊 星降日记
929_26654.txt,929,26654,1.0,0.4086728157049712,心生研究社
952_27674.txt,952,27674,0.0,0.3773247039834789,拜托了，莉莉丝
952_27685.txt,952,27685,0.0,0.2166968736498481,拜托了，莉莉丝
972_28272.txt,972,28272,0.0,0.5186304338689522,如果杜拉(假如高中棒球部的女经理读了德鲁克的《管理学》)
