aid,weighted,title
3917,0.9967824330430194,志乃与恋 Future
2788,0.9281482974245268,将放言说不会输的高颜值女孩，全力征服的百合故事
3816,0.8489751650558192,猫之山宁宁子是猫族
3763,0.8113644895045553,心上人的妹妹(我心爱之人的妹妹)
3585,0.8015036105958695,败给性格恶劣的天才儿时玩伴，初体验全部被她夺走(败给了性格恶劣的天才青梅，初体验全部被夺走这件事)
3963,0.799350367253766,摩卡奇诺-小学生百合短篇集-
3872,0.7969294391600334,人妻教师被班里的女高中生迷的神魂颠倒的故事
1020,0.7853724052484429,384403km 绑架你到月球
2099,0.784490172179009,Aster girl（紫菀少女）
2905,0.7825094800859148,被百合夹击的女子有罪吗？(夹在百合中间的女人，有罪吗？)
3519,0.7806668531758791,我买下了与她的每周密会～以五千圆为借口，共度两人时光～(一周一次买下同班同学的那些事)
3998,0.7742355841656653,班上的公主是我的小狗
4040,0.7377117993261977,夏天的少女归来了
2751,0.7355100969381314,我们不可能成为恋人！绝对不行。(※似乎可行？)（我怎么可能成为你的恋人，不行不行！）
3866,0.7306499695594414,与她女友的不纯初恋
3833,0.7298831893020794,在放学后的教室里，恋爱浮现
3128,0.727746920995061,我的初恋对象与人接吻了
3755,0.7103402819029003,碱性劣等生
2482,0.709618967850259,终将成为你 关于佐伯沙弥香(终将成为你 佐伯沙弥香的追忆)
3723,0.7087490524014016,她她
3542,0.7045887646695027,CARNEADES
2291,0.7034453083696643,少女妄想中
3097,0.7031482360566361,无法忘怀的魔女故事(无法忘却的魔女物语)
124,0.7030864579166406,惊爆草莓
452,0.7011049178749058,菖蒲的少女革命！
3625,0.7009269529523352,捡到小猫，我也仅是小猫
929,0.6989774012560339,心生研究社
3784,0.6981024583333545,我发现了小小的百合
3056,0.6977443049163696,截稿日之前，百合的进度特别快
667,0.6965934956763671,野花——在那花不开的世界
2920,0.69623254990932,最后的蓝(End Blue)
3665,0.6898673695357901,你以为我的百合人设只是商业卖点？
3854,0.6863013007441111,鹿乃江同学的左手
1698,0.6855481053334688,幽灵列车与金平糖
2896,0.6847323514579734,将放言说女生之间不可能的女孩子，在百日之内彻底攻陷的百合故事
3560,0.6841171030977421,回忆重叠的乐园战场。接着两人，拿起了武器(少女执利兵于手，相战于交织希望的乐园战场)
3505,0.679076460694098,焦点深度
655,0.6730384974542174,simoun 祈舞
3653,0.6712593855269623,区区平民竟敢这么嚣张！
2773,0.6693960251224983,野花通信(野野小花通信)
1115,0.666535339127301,魔法少女小圆
3232,0.6661509830391538,魔女的宠爱
2131,0.66538070329242,为了拯救世界的那一天─Qualidea Code─(为了终有一天能拯救世界)
677,0.663692222288822,神明大人会把笑心○○○？
2468,0.6611389914183075,里世界远足(里世界郊游)
2756,0.660419912540728,转生公主与天才千金的魔法革命(转生王女与天才千金的魔法革命)
2464,0.6599980743755773,无法成为神明的少女
2635,0.6570562716985425,我的推是坏人大小姐(我推是反派大小姐)
499,0.6563655625772052,香草追击 A sweet partner
3693,0.6553923566372772,在这得说猫语
2997,0.6533980263690088,人类的时代结束了，但肚子还是会饿吗？
806,0.6508265197516447,红线 绊之记忆
894,0.6506052980448302,紫色的Qualia
3964,0.6503410829087222,双星·飓风·离乡人
2451,0.6495883095881597,「凭你也想讨伐魔王？」被勇者小队逐出队伍，只好在王都自在过活(你这种家伙别想打赢魔王)
3800,0.6473658289494237,魔女们的选择 两位魔女的英雄史诗
1683,0.644038540124368,安达与岛村
3817,0.6420436707980183,末日尽头的少女背包之旅
3639,0.6415225868772796,不动火轮一动不动
1729,0.6385054850307447,IDOLISING偶像擂台！
349,0.6348465341545999,BLACK SHEEP 圣夜迷途的黑羊
2680,0.6347967566453627,Everlasting
915,0.6330381187186148,发明工坊 星降日记
2492,0.629118548404687,在世界终焉的花园
3251,0.6288467630159421,最后也是最初的偶像
3078,0.6279810441588669,武士道系列
2651,0.627297669182786,处刑少女的生存之道
3507,0.6235679691127964,沙漠蔷薇
298,0.6222752811599013,卡莲坂高中可爱广播社
60,0.6195432489273254,糖果子弹
3249,0.6178679548994571,弗莉达的世界 天上没有的群星
391,0.6163526095090128,眼镜少女 HOLIC
3802,0.6112089799565777,谋杀勇者的新娘
1414,0.6084959598125441,魔法少女育成计划
3961,0.6078328710318759,异界扫灭的战斗女仆
3406,0.5880389495081987,反派千金沦为庶民
3716,0.5827873843082736,初恋Signal
2562,0.5742392194194597,大和抚子向前冲！管它以后会怎样！
3210,0.520141672602638,被夹在百合之间的我，顺势劈腿了(关于被百合夹在中间的我，顺势脚踏两只船这件事)
1833,0.5115528344101,生存意义空想
3780,0.5043797512982795,请待在有光的地方
1643,0.4747257130259483,傀儡师神乐
2812,0.4671189502070622,将这股温度称为你(我会将这份温暖称为你)
2661,0.463245665447619,相隔101米的爱恋
2431,0.4578162325198085,她与我的末日旅行
3986,0.4460612430947511,谁才是我的百合呢！？
3759,0.3824438172751656,只要活着
3703,0.3788127612627716,蜘蛛与制服
657,0.356942146227199,舞-HiME★DESTINY 龙之巫女
3413,0.3190105017272071,十岁的最强魔导师
301,0.2660842924844972,简单易懂的现代魔法
2828,0.2655366921810099,降樱的小镇
3862,0.2602872043970853,少女所不期望的英雄史诗
4043,0.2562201723016044,雨之塔
2496,0.2345141120010825,幸会，食人鬼。
255,0.2329031886596613,圣母在上(玛莉亚的凝望)
3250,0.2324770842561883,百年文通
3386,0.2283390116939067,猎猫一族之长
3894,0.2048286383908092,两个人是光之美少女
1642,0.2022275191008465,天空的莉莉娅
2235,0.1966933893792425,四季之后4 cours after
3667,0.1952480173529083,四人制姐妹百合物帐
208,0.1851773809599803,幽灵恋人
3332,0.1792704660668814,我们没有故事
3611,0.1703535137030495,我的初恋太过羞耻无法对人诉说
3785,0.1558262498896008,想成为勇者的少女，与注定成为勇者的她(想要成为勇者的少女，与理应成为勇者的她)
583,0.136527940849543,菩提树庄的暗狩姬
3962,0.1286889932736043,转生千金卡特娜在异世界追寻梦想成为刀匠！
2367,0.1285328217599251,DATE A BULLET赤黑新章
3269,0.1275993663833996,所有偶像皆不老的世界
4026,0.1228400559463196,花物语
2689,0.1114858818422331,冰川双子的生活
1677,0.1088131795533589,少女与战车
1751,0.1076229075861376,樱神乐
3412,0.1041418536452554,少女同志，向敌人开枪吧
2300,0.0947205160419761,虹色异星人
2685,0.0936512199102653,明日的世界将会星光灿烂(明日的世界星光闪耀)
2306,0.0885773025836996,Re:Stage！
3432,0.0831036369046271,祈祷之国的莉莉艾儿
1966,0.0826197268102221,绯弹的亚莉亚AA(绯弹的亚里亚AA)
3295,0.0770021308509796,结城友奈是勇者 勇者史外典
3863,0.0742280134230045,魔女之旅 学园物语
3754,0.0736074317015817,深夜重拳(深夜PUNCH 动画投稿者是吸血鬼！？)
3525,0.0729343473065796,Lovelive! 虹咲学园偶像同好会 红莲的剑姬~Flamesword Princess~
3375,0.0720509059716414,强袭魔女Memorial Episode 在一起哦
2895,0.0716005132451588,声优广播的幕前幕后(声优广播的台前幕后)
1868,0.0697516100930403,脑浆炸裂girl
3590,0.0683696946975523,Stellar step
3547,0.0679195737047064,NO推理、NO侦探？
3280,0.0664177350027436,为青年设立的读书俱乐部
3137,0.0642216838570625,身为VTuber的我因为忘记关台而成了传说
1215,0.0622495976320839,学生会侦探桐香
3735,0.0616744501103587,少女星间漂流记
1845,0.0607182846929709,合奏女孩！
3316,0.0603413198270686,Lycoris Recoil 莉可丽丝 Ordinary days
401,0.060110491762696,德鲁伊来啰!
2845,0.0589250238944431,乃木若叶是勇者(勇者部系列三)
2418,0.0587328043974746,你好哇，暗杀者
2768,0.0583936296708593,转生前是男的所以逆后宫容我拒绝
343,0.058005166103393,静流姐系列
1156,0.0574358314813475,STITCH裁缝少女
643,0.0569862058652207,PiPit!!天线少女
1021,0.0549110623645219,侦探歌剧MilkyHomes～overture～
2734,0.0510247867266874,为了当剑士而入学，魔法天赋却高达9999！？
2438,0.05086892099762,Cheers!爱的鼓励
577,0.0493206532640255,强袭魔女
2792,0.0491931458317678,家里蹲吸血姬的郁闷(家里蹲吸血姬的苦闷)
1577,0.0466249098279209,妮娜与兔子与魔法战车
3089,0.046596416635835,海鸟东月的『荒唐事』
3275,0.0454806032746305,推偶像三原则
952,0.0448227369385586,拜托了，莉莉丝
2314,0.0425803058751727,童话魔法使(原书·原书使)
2255,0.0415092544086889,魔女之旅
3294,0.0391465845380111,楠芽吹是勇者(勇者部系列四)
531,0.0381657853657631,苍穹女武神(苍穹的驱真)
2541,0.038127900689463,本田小狼与我
3558,0.0379019950231361,狱门抚子在此
3885,0.0375693971433086,寂静魔女 索姆斯没人要中队Reboot
2855,0.0370096357543358,刀使巫女 琉球剑风录
4014,0.0357594709295772,在揍爆向导天使之后，我当上了死灵术师
1255,0.0351959562769161,某僵尸少女的灾难
2818,0.0341851339868729,碧蓝航线 Episode of Belfast
251,0.0336718744401383,魔学诡术士
143,0.0326956271880737,高中女神
1601,0.0325611311213429,超次元游戏海王星
595,0.0325062087309154,叛红猎杀
2945,0.0320302270537285,成为女贤者的光秀待在女勇者信长的队伍里面浑身不自在
3017,0.0310546668389523,战翼的希格德莉法
2152,0.0302746461287,熊熊勇闯异世界
2659,0.0298195234570814,齿轮驱动
1091,0.0283735976037788,强袭魔女 乙女之章
3810,0.0276372720179854,经学少女传~考试地狱中的男装大小姐~
203,0.0275985914045997,战斗！暴风少女！
2963,0.0271645499949018,超次元游戏海王星：梦魇时刻？
2138,0.0255908383327315,OBSTACLE Series 激战的魔女之夜
1610,0.0253341802357056,舰队收藏(舰队Collection 阳炎，起锚！)
3101,0.0253019696441298,菜鸟炼金术师开店营业中(新人炼金术师的店铺经营)
2410,0.0239195842189486,英雄转世为英雄之女目标再度成为英雄(重生英雄之女的英雄立志再度成为英雄)
519,0.0238445790351273,向阳素描 欢迎来到向阳庄
2258,0.0230413125887953,高贵魔女 第506统合战斗飞行团
1609,0.0221680213252547,月下魔女
972,0.0210786556791749,如果杜拉(假如高中棒球部的女经理读了德鲁克的《管理学》)
2471,0.019612642679403,带着外挂转生为公会柜台小姐
1674,0.0182167670061163,蛮憨女侦探事件簿
2441,0.0174008630928392,持续狩猎史莱姆三百年，不知不觉就练到LV MAX
2543,0.0160271046823422,朋友以上侦探未满
149,0.0159694818918839,钢铁白兔骑士团
2480,0.015866858838543,怕痛的我，把防御力点满就对了
1819,0.0135726695487226,舰队收藏(舰队Collection 鹤翼之绊)
2537,0.0129404788463535,自称贤者弟子的贤者
1990,0.0106890282113925,SAO刀剑神域外传 Gun Gale Online
82,0.0085490394986442,七姬物语
